"PageID","SourceID","SourceName","ModuleOrder","ShowTitle","PublishDate","ExpirationDate","WorkflowStatus","LastModifiedDate","LastModifiedBy","ActiveFlag","MarkedForDeletion","DeploymentJobID","PageModuleRelnID"
"1","1","CONTENT","1","1","2007-03-18 00:00:00","2037-03-18 00:00:00","LIVE","2007-03-18 21:51:00","1","1","0","1","1"
"1","1","HEADER IMAGE","1","1","2007-03-18 00:00:00","2037-03-18 00:00:00","LIVE","2007-03-18 21:51:00","1","1","0","1","2"
"2","2","CONTENT","1","1","2007-03-18 00:00:00","2037-03-18 00:00:00","LIVE","2007-03-18 21:51:00","1","1","0","1","3"
"3","3","CONTENT","1","1","2007-03-18 00:00:00","2037-03-18 00:00:00","LIVE","2007-03-18 21:51:00","1","1","0","1","4"
"4","4","CONTENT","1","1","2007-03-18 00:00:00","2037-03-18 00:00:00","LIVE","2007-03-18 21:51:00","1","1","0","1","5"
"5","5","CONTENT","1","1","2007-03-18 00:00:00","2037-03-18 00:00:00","LIVE","2007-03-18 21:51:00","1","1","0","1","6"
"9","6","CONTENT","1","1","2007-03-18 00:00:00","2037-03-18 00:00:00","LIVE","2007-03-18 21:51:00","1","1","0","1","7"
"10","7","CONTENT","1","1","2007-03-18 00:00:00","2037-03-18 00:00:00","LIVE","2007-03-18 21:51:00","1","1","0","1","8"
"10","2","HEADER IMAGE","1","1","2007-03-18 00:00:00","2037-03-18 00:00:00","LIVE","2007-03-18 21:51:00","1","1","0","1","9"
"11","8","CONTENT","1","1","2007-03-18 00:00:00","2037-03-18 00:00:00","LIVE","2007-03-18 21:51:00","1","1","0","1","10"
"12","9","CONTENT","1","1","2007-03-18 00:00:00","2037-03-18 00:00:00","LIVE","2007-03-18 21:51:00","1","1","0","1","11"
"13","10","CONTENT","1","1","2007-03-18 00:00:00","2037-03-18 00:00:00","LIVE","2007-03-18 21:51:00","1","1","0","1","12"
"14","11","CONTENT","1","1","2007-03-18 00:00:00","2037-03-18 00:00:00","LIVE","2007-03-18 21:51:00","1","1","0","1","13"
"18","3","NAV ON IMAGE","1","1","2007-03-18 00:00:00","2037-03-18 00:00:00","LIVE","2007-03-18 21:51:00","1","1","0","1","14"
"18","4","NAV OFF IMAGE","2","1","2007-03-18 00:00:00","2037-03-18 00:00:00","LIVE","2007-03-18 21:51:00","1","1","0","1","15"
"18","5","HEADER IMAGE","1","1","2007-03-18 00:00:00","2037-03-18 00:00:00","LIVE","2007-03-18 21:51:00","1","1","0","1","16"
"18","12","CONTENT","1","1","2007-03-18 00:00:00","2037-03-18 00:00:00","LIVE","2007-03-18 21:51:00","1","1","0","1","17"
"18","1","HEADER SIDE CONTENT","1","0","2007-03-18 00:00:00","2037-03-18 00:00:00","LIVE","2007-03-18 21:51:00","1","1","0","1","18"
"19","6","NAV ON IMAGE","1","1","2007-03-18 00:00:00","2037-03-18 00:00:00","LIVE","2007-03-18 21:51:00","1","1","0","1","19"
"19","7","NAV OFF IMAGE","2","1","2007-03-18 00:00:00","2037-03-18 00:00:00","LIVE","2007-03-18 21:51:00","1","1","0","1","20"
"19","8","HEADER IMAGE","1","1","2007-03-18 00:00:00","2037-03-18 00:00:00","LIVE","2007-03-18 21:51:00","1","1","0","1","21"
"19","13","CONTENT","1","1","2007-03-18 00:00:00","2037-03-18 00:00:00","LIVE","2007-03-18 21:51:00","1","1","0","1","22"
"19","2","HEADER SIDE CONTENT","1","0","2007-03-18 00:00:00","2037-03-18 00:00:00","LIVE","2007-03-18 21:51:00","1","1","0","1","23"
"20","9","NAV ON IMAGE","1","1","2007-03-18 00:00:00","2037-03-18 00:00:00","LIVE","2007-03-18 21:51:00","1","1","0","1","24"
"20","10","NAV OFF IMAGE","2","1","2007-03-18 00:00:00","2037-03-18 00:00:00","LIVE","2007-03-18 21:51:00","1","1","0","1","25"
"20","11","HEADER IMAGE","1","1","2007-03-18 00:00:00","2037-03-18 00:00:00","LIVE","2007-03-18 21:51:00","1","1","0","1","26"
"20","14","CONTENT","1","1","2007-03-18 00:00:00","2037-03-18 00:00:00","LIVE","2007-03-18 21:51:00","1","1","0","1","27"
"20","3","HEADER SIDE CONTENT","1","0","2007-03-18 00:00:00","2037-03-18 00:00:00","LIVE","2007-03-18 21:51:00","1","1","0","1","28"
"21","12","NAV ON IMAGE","1","1","2007-03-18 00:00:00","2037-03-18 00:00:00","LIVE","2007-03-18 21:51:00","1","1","0","1","29"
"21","13","NAV OFF IMAGE","2","1","2007-03-18 00:00:00","2037-03-18 00:00:00","LIVE","2007-03-18 21:51:00","1","1","0","1","30"
"21","14","HEADER IMAGE","1","1","2007-03-18 00:00:00","2037-03-18 00:00:00","LIVE","2007-03-18 21:51:00","1","1","0","1","31"
"21","15","CONTENT","1","1","2007-03-18 00:00:00","2037-03-18 00:00:00","LIVE","2007-03-18 21:51:00","1","1","0","1","32"
"21","4","HEADER SIDE CONTENT","1","0","2007-03-18 00:00:00","2037-03-18 00:00:00","LIVE","2007-03-18 21:51:00","1","1","0","1","33"
"22","16","CONTENT","1","1","2007-03-18 00:00:00","2037-03-18 00:00:00","LIVE","2007-03-18 21:51:00","1","1","0","1","34"
"22","15","HEADER IMAGE","1","1","2007-03-18 00:00:00","2037-03-18 00:00:00","LIVE","2007-03-18 21:51:00","1","1","0","1","35"
"23","17","CONTENT","1","1","2007-03-18 00:00:00","2037-03-18 00:00:00","LIVE","2007-03-18 21:51:00","1","1","0","1","36"
"24","18","CONTENT","1","1","2007-03-18 00:00:00","2037-03-18 00:00:00","LIVE","2007-03-18 21:51:00","1","1","0","1","37"
"25","19","CONTENT","1","1","2007-03-18 00:00:00","2037-03-18 00:00:00","LIVE","2007-03-18 21:51:00","1","1","0","1","38"
"26","20","CONTENT","1","1","2007-03-18 00:00:00","2037-03-18 00:00:00","LIVE","2007-03-18 21:51:00","1","1","0","1","39"
"30","16","NAV ON IMAGE","1","1","2007-03-18 00:00:00","2037-03-18 00:00:00","LIVE","2007-03-18 21:51:00","1","1","0","1","40"
"30","17","NAV OFF IMAGE","2","1","2007-03-18 00:00:00","2037-03-18 00:00:00","LIVE","2007-03-18 21:51:00","1","1","0","1","41"
"30","18","HEADER IMAGE","1","1","2007-03-18 00:00:00","2037-03-18 00:00:00","LIVE","2007-03-18 21:51:00","1","1","0","1","42"
"30","21","CONTENT","1","1","2007-03-18 00:00:00","2037-03-18 00:00:00","LIVE","2007-03-18 21:51:00","1","1","0","1","43"
"30","5","HEADER SIDE CONTENT","1","0","2007-03-18 00:00:00","2037-03-18 00:00:00","LIVE","2007-03-18 21:51:00","1","1","0","1","44"
"31","19","NAV ON IMAGE","1","1","2007-03-18 00:00:00","2037-03-18 00:00:00","LIVE","2007-03-18 21:51:00","1","1","0","1","45"
"31","20","NAV OFF IMAGE","2","1","2007-03-18 00:00:00","2037-03-18 00:00:00","LIVE","2007-03-18 21:51:00","1","1","0","1","46"
"31","21","HEADER IMAGE","1","1","2007-03-18 00:00:00","2037-03-18 00:00:00","LIVE","2007-03-18 21:51:00","1","1","0","1","47"
"31","22","CONTENT","1","1","2007-03-18 00:00:00","2037-03-18 00:00:00","LIVE","2007-03-18 21:51:00","1","1","0","1","48"
"31","6","HEADER SIDE CONTENT","1","0","2007-03-18 00:00:00","2037-03-18 00:00:00","LIVE","2007-03-18 21:51:00","1","1","0","1","49"
"32","23","CONTENT","1","1","2007-03-18 00:00:00","2037-03-18 00:00:00","LIVE","2007-03-18 21:51:00","1","1","0","1","50"
"32","22","HEADER IMAGE","1","1","2007-03-18 00:00:00","2037-03-18 00:00:00","LIVE","2007-03-18 21:51:00","1","1","0","1","51"
"33","24","CONTENT","1","1","2007-03-18 00:00:00","2037-03-18 00:00:00","LIVE","2007-03-18 21:51:00","1","1","0","1","52"
"34","25","CONTENT","1","1","2007-03-18 00:00:00","2037-03-18 00:00:00","LIVE","2007-03-18 21:51:00","1","1","0","1","53"
"35","26","CONTENT","1","1","2007-03-18 00:00:00","2037-03-18 00:00:00","LIVE","2007-03-18 21:51:00","1","1","0","1","54"
"36","27","CONTENT","1","1","2007-03-18 00:00:00","2037-03-18 00:00:00","LIVE","2007-03-18 21:51:00","1","1","0","1","55"
"40","23","NAV ON IMAGE","1","1","2007-03-18 00:00:00","2037-03-18 00:00:00","LIVE","2007-03-18 21:51:00","1","1","0","1","56"
"40","24","NAV OFF IMAGE","2","1","2007-03-18 00:00:00","2037-03-18 00:00:00","LIVE","2007-03-18 21:51:00","1","1","0","1","57"
"40","25","HEADER IMAGE","1","1","2007-03-18 00:00:00","2037-03-18 00:00:00","LIVE","2007-03-18 21:51:00","1","1","0","1","58"
"40","28","CONTENT","1","1","2007-03-18 00:00:00","2037-03-18 00:00:00","LIVE","2007-03-18 21:51:00","1","1","0","1","59"
"40","7","HEADER SIDE CONTENT","1","0","2007-03-18 00:00:00","2037-03-18 00:00:00","LIVE","2007-03-18 21:51:00","1","1","0","1","60"
"41","26","NAV ON IMAGE","1","1","2007-03-18 00:00:00","2037-03-18 00:00:00","LIVE","2007-03-18 21:51:00","1","1","0","1","61"
"41","27","NAV OFF IMAGE","2","1","2007-03-18 00:00:00","2037-03-18 00:00:00","LIVE","2007-03-18 21:51:00","1","1","0","1","62"
"41","28","HEADER IMAGE","1","1","2007-03-18 00:00:00","2037-03-18 00:00:00","LIVE","2007-03-18 21:51:00","1","1","0","1","63"
"41","29","CONTENT","1","1","2007-03-18 00:00:00","2037-03-18 00:00:00","LIVE","2007-03-18 21:51:00","1","1","0","1","64"
"41","8","HEADER SIDE CONTENT","1","0","2007-03-18 00:00:00","2037-03-18 00:00:00","LIVE","2007-03-18 21:51:00","1","1","0","1","65"
"42","29","NAV ON IMAGE","1","1","2007-03-18 00:00:00","2037-03-18 00:00:00","LIVE","2007-03-18 21:51:00","1","1","0","1","66"
"42","30","NAV OFF IMAGE","2","1","2007-03-18 00:00:00","2037-03-18 00:00:00","LIVE","2007-03-18 21:51:00","1","1","0","1","67"
"42","31","HEADER IMAGE","1","1","2007-03-18 00:00:00","2037-03-18 00:00:00","LIVE","2007-03-18 21:51:00","1","1","0","1","68"
"42","30","CONTENT","1","1","2007-03-18 00:00:00","2037-03-18 00:00:00","LIVE","2007-03-18 21:51:00","1","1","0","1","69"
"42","9","HEADER SIDE CONTENT","1","0","2007-03-18 00:00:00","2037-03-18 00:00:00","LIVE","2007-03-18 21:51:00","1","1","0","1","70"
"43","32","NAV ON IMAGE","1","1","2007-03-18 00:00:00","2037-03-18 00:00:00","LIVE","2007-03-18 21:51:00","1","1","0","1","71"
"43","33","NAV OFF IMAGE","2","1","2007-03-18 00:00:00","2037-03-18 00:00:00","LIVE","2007-03-18 21:51:00","1","1","0","1","72"
"43","34","HEADER IMAGE","1","1","2007-03-18 00:00:00","2037-03-18 00:00:00","LIVE","2007-03-18 21:51:00","1","1","0","1","73"
"43","31","CONTENT","1","1","2007-03-18 00:00:00","2037-03-18 00:00:00","LIVE","2007-03-18 21:51:00","1","1","0","1","74"
"43","10","HEADER SIDE CONTENT","1","0","2007-03-18 00:00:00","2037-03-18 00:00:00","LIVE","2007-03-18 21:51:00","1","1","0","1","75"
"44","32","CONTENT","1","1","2007-03-18 00:00:00","2037-03-18 00:00:00","LIVE","2007-03-18 21:51:00","1","1","0","1","76"
"44","35","HEADER IMAGE","1","1","2007-03-18 00:00:00","2037-03-18 00:00:00","LIVE","2007-03-18 21:51:00","1","1","0","1","77"
"45","33","CONTENT","1","1","2007-03-18 00:00:00","2037-03-18 00:00:00","LIVE","2007-03-18 21:51:00","1","1","0","1","78"
"46","34","CONTENT","1","1","2007-03-18 00:00:00","2037-03-18 00:00:00","LIVE","2007-03-18 21:51:00","1","1","0","1","79"
"47","35","CONTENT","1","1","2007-03-18 00:00:00","2037-03-18 00:00:00","LIVE","2007-03-18 21:51:00","1","1","0","1","80"
"48","36","CONTENT","1","1","2007-03-18 00:00:00","2037-03-18 00:00:00","LIVE","2007-03-18 21:51:00","1","1","0","1","81"
"52","36","NAV ON IMAGE","1","1","2007-03-18 00:00:00","2037-03-18 00:00:00","LIVE","2007-03-18 21:51:00","1","1","0","1","82"
"52","37","NAV OFF IMAGE","2","1","2007-03-18 00:00:00","2037-03-18 00:00:00","LIVE","2007-03-18 21:51:00","1","1","0","1","83"
"52","38","HEADER IMAGE","1","1","2007-03-18 00:00:00","2037-03-18 00:00:00","LIVE","2007-03-18 21:51:00","1","1","0","1","84"
"52","37","CONTENT","1","1","2007-03-18 00:00:00","2037-03-18 00:00:00","LIVE","2007-03-18 21:51:00","1","1","0","1","85"
"52","11","HEADER SIDE CONTENT","1","0","2007-03-18 00:00:00","2037-03-18 00:00:00","LIVE","2007-03-18 21:51:00","1","1","0","1","86"
"1","39","NAV OFF IMAGE","2","1","2007-03-18 21:51:26","2037-03-18 21:51:26","LIVE","2007-03-18 21:51:00","1","1","0","1","87"
"1","40","NAV ON IMAGE","1","1","2007-03-18 21:51:26","2037-03-18 21:51:26","LIVE","2007-03-18 21:51:00","1","1","0","1","88"
"1","41","NAV OFF IMAGE","4","1","2007-03-18 21:51:26","2037-03-18 21:51:26","LIVE","2007-03-18 21:51:00","1","1","0","1","89"
"1","42","NAV ON IMAGE","3","1","2007-03-18 21:51:26","2037-03-18 21:51:26","LIVE","2007-03-18 21:51:00","1","1","0","1","90"
"1","43","NAV OFF IMAGE","6","1","2007-03-18 21:51:26","2037-03-18 21:51:26","LIVE","2007-03-18 21:51:00","1","1","0","1","91"
"1","44","NAV ON IMAGE","5","1","2007-03-18 21:51:26","2037-03-18 21:51:26","LIVE","2007-03-18 21:51:00","1","1","0","1","92"
"10","38","SIDE CONTENT","1","1","2007-03-18 00:00:00","2037-03-18 00:00:00","LIVE","2007-03-18 21:51:00","1","1","0","1","93"
"10","39","SIDE CONTENT","2","1","2007-03-18 00:00:00","2037-03-18 00:00:00","LIVE","2007-03-18 21:51:00","1","1","0","1","94"
"18","40","SIDE CONTENT","1","1","2007-03-18 00:00:00","2037-03-18 00:00:00","LIVE","2007-03-18 21:51:00","1","1","0","1","95"
"19","41","SIDE CONTENT","1","1","2007-03-18 00:00:00","2037-03-18 00:00:00","LIVE","2007-03-18 21:51:00","1","1","0","1","96"
"20","42","SIDE CONTENT","1","1","2007-03-18 00:00:00","2037-03-18 00:00:00","LIVE","2007-03-18 21:51:00","1","1","0","1","97"
"21","43","SIDE CONTENT","1","1","2007-03-18 00:00:00","2037-03-18 00:00:00","LIVE","2007-03-18 21:51:00","1","1","0","1","98"
"22","44","SIDE CONTENT","1","1","2007-03-18 00:00:00","2037-03-18 00:00:00","LIVE","2007-03-18 21:51:00","1","1","0","1","99"
"22","45","SIDE CONTENT","2","1","2007-03-18 00:00:00","2037-03-18 00:00:00","LIVE","2007-03-18 21:51:00","1","1","0","1","100"
"22","46","SIDE CONTENT","3","1","2007-03-18 00:00:00","2037-03-18 00:00:00","LIVE","2007-03-18 21:51:00","1","1","0","1","101"
"31","47","SIDE CONTENT","1","1","2007-03-18 00:00:00","2037-03-18 00:00:00","LIVE","2007-03-18 21:51:00","1","1","0","1","102"
"31","48","SIDE CONTENT","2","1","2007-03-18 00:00:00","2037-03-18 00:00:00","LIVE","2007-03-18 21:51:00","1","1","0","1","103"
"32","49","SIDE CONTENT","1","1","2007-03-18 00:00:00","2037-03-18 00:00:00","LIVE","2007-03-18 21:51:00","1","1","0","1","104"
"32","50","SIDE CONTENT","2","1","2007-03-18 00:00:00","2037-03-18 00:00:00","LIVE","2007-03-18 21:51:00","1","1","0","1","105"
"40","51","SIDE CONTENT","1","1","2007-03-18 00:00:00","2037-03-18 00:00:00","LIVE","2007-03-18 21:51:00","1","1","0","1","106"
"41","52","SIDE CONTENT","1","1","2007-03-18 00:00:00","2037-03-18 00:00:00","LIVE","2007-03-18 21:51:00","1","1","0","1","107"
"42","53","SIDE CONTENT","1","1","2007-03-18 00:00:00","2037-03-18 00:00:00","LIVE","2007-03-18 21:51:00","1","1","0","1","108"
"42","54","SIDE CONTENT","2","1","2007-03-18 00:00:00","2037-03-18 00:00:00","LIVE","2007-03-18 21:51:00","1","1","0","1","109"
"43","55","SIDE CONTENT","1","1","2007-03-18 00:00:00","2037-03-18 00:00:00","LIVE","2007-03-18 21:51:00","1","1","0","1","110"
"43","56","SIDE CONTENT","2","1","2007-03-18 00:00:00","2037-03-18 00:00:00","LIVE","2007-03-18 21:51:00","1","1","0","1","111"
"44","57","SIDE CONTENT","1","1","2007-03-18 00:00:00","2037-03-18 00:00:00","LIVE","2007-03-18 21:51:00","1","1","0","1","112"
"52","58","SIDE CONTENT","1","1","2007-03-18 00:00:00","2037-03-18 00:00:00","LIVE","2007-03-18 21:51:00","1","1","0","1","113"
