"ApplicationId","UserId","UserName","LoweredUserName","MobileAlias","IsAnonymous","LastActivityDate"
"2544D50B-8197-47E9-9B49-94B0C7841CA0","FB069159-9061-4748-BB3A-D290E3202582","abc123","abc123","","0","2007-02-23 23:40:54"
"2544D50B-8197-47E9-9B49-94B0C7841CA0","04B06749-26BE-44C2-9C22-B6208386C506","Administrator","administrator","","0","2007-03-19 02:40:48"
"2544D50B-8197-47E9-9B49-94B0C7841CA0","CE612C75-5D60-4103-86D5-B40E1E098B7C","bgaines","bgaines","","0","2007-01-31 14:34:48"
"2544D50B-8197-47E9-9B49-94B0C7841CA0","F2DAB1B2-3F89-4DA3-BCD2-89B9A42262AE","bjgaines","bjgaines","","0","2007-02-23 23:58:16"
"2544D50B-8197-47E9-9B49-94B0C7841CA0","3A28A2B2-4172-48AC-A348-3A9A9E7BE74B","blahblah","blahblah","","0","2007-02-23 23:46:25"
"2544D50B-8197-47E9-9B49-94B0C7841CA0","3A929972-123A-4FB0-B77C-A85FC05C2A76","jsmith","jsmith","","0","2007-02-23 23:49:37"
"2544D50B-8197-47E9-9B49-94B0C7841CA0","598AE4C7-8BA7-4B88-BC4C-76B8BD71C265","kellyaroe","kellyaroe","","0","2007-01-31 14:30:31"
"2544D50B-8197-47E9-9B49-94B0C7841CA0","405A3C3C-E699-4BDF-BABB-0A49E5C57862","kellyroe77","kellyroe77","","0","2007-02-23 23:39:40"
"2544D50B-8197-47E9-9B49-94B0C7841CA0","C611BE0F-812B-4A3E-AC50-FB82B4986E4E","test","test","","0","2007-01-03 23:31:38"
