"PageID","UrlFriendlyName","PublishDate","ExpirationDate","WorkflowStatus","LastModifiedDate","LastModifiedBy","ActiveFlag","MarkedForDeletion","DeploymentJobId","UrlRewriteID"
"1","petroferm.welcome-to-petroferm-inc.aspx","2007-03-18 00:00:00","2037-03-18 00:00:00","LIVE","2007-03-18 21:51:00","1900-01-02 00:00:00","1","0","1","1"
"2","petroferm.about-petroferm-inc.aspx","2007-03-18 00:00:00","2037-03-18 00:00:00","LIVE","2007-03-18 21:51:00","1900-01-02 00:00:00","1","0","1","2"
"3","petroferm.manufacturing-capabilities.aspx","2007-03-18 00:00:00","2037-03-18 00:00:00","LIVE","2007-03-18 21:51:00","1900-01-02 00:00:00","1","0","1","3"
"4","petroferm.company-history.aspx","2007-03-18 00:00:00","2037-03-18 00:00:00","LIVE","2007-03-18 21:51:00","1900-01-02 00:00:00","1","0","1","4"
"5","petroferm.contact-us.aspx","2007-03-18 00:00:00","2037-03-18 00:00:00","LIVE","2007-03-18 21:51:00","1900-01-02 00:00:00","1","0","1","5"
"6","petroferm.request-information.aspx","2007-03-18 00:00:00","2037-03-18 00:00:00","LIVE","2007-03-18 21:51:00","1900-01-02 00:00:00","1","0","1","6"
"7","petroferm.provide-feedback.aspx","2007-03-18 00:00:00","2037-03-18 00:00:00","LIVE","2007-03-18 21:51:00","1900-01-02 00:00:00","1","0","1","7"
"8","petroferm.information-sample-requests.aspx","2007-03-18 00:00:00","2037-03-18 00:00:00","LIVE","2007-03-18 21:51:00","1900-01-02 00:00:00","1","0","1","8"
"9","petroferm.terms-and-conditions.aspx","2007-03-18 00:00:00","2037-03-18 00:00:00","LIVE","2007-03-18 21:51:00","1900-01-02 00:00:00","1","0","1","9"
"10","petroferm-cleaning-division.advanced-products-for-advanced-cleaning.aspx","2007-03-18 00:00:00","2037-03-18 00:00:00","LIVE","2007-03-18 21:51:00","1900-01-02 00:00:00","1","0","1","10"
"11","petroferm-cleaning-division.about-petroferm-inc.aspx","2007-03-18 00:00:00","2037-03-18 00:00:00","LIVE","2007-03-18 21:51:00","1900-01-02 00:00:00","1","0","1","11"
"12","petroferm-cleaning-division.manufacturing-capabilities.aspx","2007-03-18 00:00:00","2037-03-18 00:00:00","LIVE","2007-03-18 21:51:00","1900-01-02 00:00:00","1","0","1","12"
"13","petroferm-cleaning-division.company-history.aspx","2007-03-18 00:00:00","2037-03-18 00:00:00","LIVE","2007-03-18 21:51:00","1900-01-02 00:00:00","1","0","1","13"
"14","petroferm-cleaning-division.contact-us.aspx","2007-03-18 00:00:00","2037-03-18 00:00:00","LIVE","2007-03-18 21:51:00","1900-01-02 00:00:00","1","0","1","14"
"15","petroferm-cleaning-division.request-information.aspx","2007-03-18 00:00:00","2037-03-18 00:00:00","LIVE","2007-03-18 21:51:00","1900-01-02 00:00:00","1","0","1","15"
"16","petroferm-cleaning-division.provide-feedback.aspx","2007-03-18 00:00:00","2037-03-18 00:00:00","LIVE","2007-03-18 21:51:00","1900-01-02 00:00:00","1","0","1","16"
"17","petroferm-cleaning-division.information-sample-requests.aspx","2007-03-18 00:00:00","2037-03-18 00:00:00","LIVE","2007-03-18 21:51:00","1900-01-02 00:00:00","1","0","1","17"
"18","petroferm-cleaning-division.electronics-market.electronics-cleaning.aspx","2007-03-18 00:00:00","2037-03-18 00:00:00","LIVE","2007-03-18 21:51:00","1900-01-02 00:00:00","1","0","1","18"
"19","petroferm-cleaning-division.precision-cleaning-market.precision-and-industrial-cleaning.aspx","2007-03-18 00:00:00","2037-03-18 00:00:00","LIVE","2007-03-18 21:51:00","1900-01-02 00:00:00","1","0","1","19"
"20","petroferm-cleaning-division.asphalt-products-market.asphalt-products.aspx","2007-03-18 00:00:00","2037-03-18 00:00:00","LIVE","2007-03-18 21:51:00","1900-01-02 00:00:00","1","0","1","20"
"21","petroferm-cleaning-division.aerospace-airline-market.aerospace-airline.aspx","2007-03-18 00:00:00","2037-03-18 00:00:00","LIVE","2007-03-18 21:51:00","1900-01-02 00:00:00","1","0","1","21"
"22","petroferm-fuel-and-oil-division.fuels-division.aspx","2007-03-18 00:00:00","2037-03-18 00:00:00","LIVE","2007-03-18 21:51:00","1900-01-02 00:00:00","1","0","1","22"
"23","petroferm-fuel-and-oil-division.about-petroferm-inc.aspx","2007-03-18 00:00:00","2037-03-18 00:00:00","LIVE","2007-03-18 21:51:00","1900-01-02 00:00:00","1","0","1","23"
"24","petroferm-fuel-and-oil-division.manufacturing-capabilities.aspx","2007-03-18 00:00:00","2037-03-18 00:00:00","LIVE","2007-03-18 21:51:00","1900-01-02 00:00:00","1","0","1","24"
"25","petroferm-fuel-and-oil-division.company-history.aspx","2007-03-18 00:00:00","2037-03-18 00:00:00","LIVE","2007-03-18 21:51:00","1900-01-02 00:00:00","1","0","1","25"
"26","petroferm-fuel-and-oil-division.contact-us.aspx","2007-03-18 00:00:00","2037-03-18 00:00:00","LIVE","2007-03-18 21:51:00","1900-01-02 00:00:00","1","0","1","26"
"27","petroferm-fuel-and-oil-division.request-information.aspx","2007-03-18 00:00:00","2037-03-18 00:00:00","LIVE","2007-03-18 21:51:00","1900-01-02 00:00:00","1","0","1","27"
"28","petroferm-fuel-and-oil-division.provide-feedback.aspx","2007-03-18 00:00:00","2037-03-18 00:00:00","LIVE","2007-03-18 21:51:00","1900-01-02 00:00:00","1","0","1","28"
"29","petroferm-fuel-and-oil-division.information-sample-requests.aspx","2007-03-18 00:00:00","2037-03-18 00:00:00","LIVE","2007-03-18 21:51:00","1900-01-02 00:00:00","1","0","1","29"
"30","petroferm-fuel-and-oil-division.fuel-market.combustion-enhancement-technologies.aspx","2007-03-18 00:00:00","2037-03-18 00:00:00","LIVE","2007-03-18 21:51:00","1900-01-02 00:00:00","1","0","1","30"
"31","petroferm-fuel-and-oil-division.oilfield-market.oilfild-products.aspx","2007-03-18 00:00:00","2037-03-18 00:00:00","LIVE","2007-03-18 21:51:00","1900-01-02 00:00:00","1","0","1","31"
"32","lambent-technologies-corp.our-customers-first-choice.aspx","2007-03-18 00:00:00","2037-03-18 00:00:00","LIVE","2007-03-18 21:51:00","1900-01-02 00:00:00","1","0","1","32"
"33","lambent-technologies-corp.about-petroferm-inc.aspx","2007-03-18 00:00:00","2037-03-18 00:00:00","LIVE","2007-03-18 21:51:00","1900-01-02 00:00:00","1","0","1","33"
"34","lambent-technologies-corp.manufacturing-capabilities.aspx","2007-03-18 00:00:00","2037-03-18 00:00:00","LIVE","2007-03-18 21:51:00","1900-01-02 00:00:00","1","0","1","34"
"35","lambent-technologies-corp.company-history.aspx","2007-03-18 00:00:00","2037-03-18 00:00:00","LIVE","2007-03-18 21:51:00","1900-01-02 00:00:00","1","0","1","35"
"36","lambent-technologies-corp.contact-us.aspx","2007-03-18 00:00:00","2037-03-18 00:00:00","LIVE","2007-03-18 21:51:00","1900-01-02 00:00:00","1","0","1","36"
"37","lambent-technologies-corp.request-information.aspx","2007-03-18 00:00:00","2037-03-18 00:00:00","LIVE","2007-03-18 21:51:00","1900-01-02 00:00:00","1","0","1","37"
"38","lambent-technologies-corp.provide-feedback.aspx","2007-03-18 00:00:00","2037-03-18 00:00:00","LIVE","2007-03-18 21:51:00","1900-01-02 00:00:00","1","0","1","38"
"39","lambent-technologies-corp.information-sample-requests.aspx","2007-03-18 00:00:00","2037-03-18 00:00:00","LIVE","2007-03-18 21:51:00","1900-01-02 00:00:00","1","0","1","39"
"40","lambent-technologies-corp.food-market.food-and-food-processing.aspx","2007-03-18 00:00:00","2037-03-18 00:00:00","LIVE","2007-03-18 21:51:00","1900-01-02 00:00:00","1","0","1","40"
"41","lambent-technologies-corp.coatings-and-colorants-market.coatings-and-colorants.aspx","2007-03-18 00:00:00","2037-03-18 00:00:00","LIVE","2007-03-18 21:51:00","1900-01-02 00:00:00","1","0","1","41"
"42","lambent-technologies-corp.lubricants-and-metalworking-market.lubricants-and-metalworking.aspx","2007-03-18 00:00:00","2037-03-18 00:00:00","LIVE","2007-03-18 21:51:00","1900-01-02 00:00:00","1","0","1","42"
"43","lambent-technologies-corp.personal-care-and-pharmaceutical-market.personal-care-and-pharmaceuticals.aspx","2007-03-18 00:00:00","2037-03-18 00:00:00","LIVE","2007-03-18 21:51:00","1900-01-02 00:00:00","1","0","1","43"
"44","joseph-storey-and-co-ltd.welcome-to-joseph-storey-and-co-ltd.aspx","2007-03-18 00:00:00","2037-03-18 00:00:00","LIVE","2007-03-18 21:51:00","1900-01-02 00:00:00","1","0","1","44"
"45","joseph-storey-and-co-ltd.about-petroferm-inc.aspx","2007-03-18 00:00:00","2037-03-18 00:00:00","LIVE","2007-03-18 21:51:00","1900-01-02 00:00:00","1","0","1","45"
"46","joseph-storey-and-co-ltd.manufacturing-capabilities.aspx","2007-03-18 00:00:00","2037-03-18 00:00:00","LIVE","2007-03-18 21:51:00","1900-01-02 00:00:00","1","0","1","46"
"47","joseph-storey-and-co-ltd.company-history.aspx","2007-03-18 00:00:00","2037-03-18 00:00:00","LIVE","2007-03-18 21:51:00","1900-01-02 00:00:00","1","0","1","47"
"48","joseph-storey-and-co-ltd.contact-us.aspx","2007-03-18 00:00:00","2037-03-18 00:00:00","LIVE","2007-03-18 21:51:00","1900-01-02 00:00:00","1","0","1","48"
"49","joseph-storey-and-co-ltd.request-information.aspx","2007-03-18 00:00:00","2037-03-18 00:00:00","LIVE","2007-03-18 21:51:00","1900-01-02 00:00:00","1","0","1","49"
"50","joseph-storey-and-co-ltd.provide-feedback.aspx","2007-03-18 00:00:00","2037-03-18 00:00:00","LIVE","2007-03-18 21:51:00","1900-01-02 00:00:00","1","0","1","50"
"51","joseph-storey-and-co-ltd.information-sample-requests.aspx","2007-03-18 00:00:00","2037-03-18 00:00:00","LIVE","2007-03-18 21:51:00","1900-01-02 00:00:00","1","0","1","51"
"52","joseph-storey-and-co-ltd.flame-retardants-market.welcome-to-joseph-storey-and-co-ltd.aspx","2007-03-18 00:00:00","2037-03-18 00:00:00","LIVE","2007-03-18 21:51:00","1900-01-02 00:00:00","1","0","1","52"
"53","lambent-technologies-corp.worldwide-organizations.aspx","2007-03-18 00:00:00","2037-03-18 00:00:00","LIVE","2007-03-18 21:51:00","1900-01-02 00:00:00","1","0","1","53"
"54","joseph-storey-and-co-ltd.worldwide-organizations.aspx","2007-03-18 00:00:00","2037-03-18 00:00:00","LIVE","2007-03-18 21:51:00","1900-01-02 00:00:00","1","0","1","54"
"55","lambent-technologies-corp.lambent-technologies-synthetic-specialties-division---functional-silicones.aspx","2007-03-18 00:00:00","2037-03-18 00:00:00","LIVE","2007-03-18 21:51:00","1900-01-02 00:00:00","1","0","1","55"
"56","lambent-technologies-corp.welcome-to-lambent-technologies.aspx","2007-03-18 00:00:00","2037-03-18 00:00:00","LIVE","2007-03-18 21:51:00","1900-01-02 00:00:00","1","0","1","56"
