"ID","ProdCatID","Title","Description","URL","BusinessUnitID","MarketID","PageID","ItemOrder","Parent","SectionID","PublishDate","ExpirationDate","WorkflowStatus","LastModifiedDate","LastModifiedBy","ActiveFlag","MarkedForDeletion","DeploymentJobID"
"1","0","General Info","General Info Side Nav LinkText","General.aspx?pageID=2","1","0","2","1","0","3","2007-03-18 00:00:00","2037-03-18 00:00:00","LIVE","2007-03-18 21:51:29","1","1","0","0"
"2","0","Capabilities","Capabilities Side Nav LinkText","General.aspx?pageID=3","1","0","3","2","0","3","2007-03-18 00:00:00","2037-03-18 00:00:00","LIVE","2007-03-18 21:51:29","1","1","0","0"
"3","0","Company History","Company History Side Nav LinkText","General.aspx?pageID=4","1","0","4","3","0","3","2007-03-18 00:00:00","2037-03-18 00:00:00","LIVE","2007-03-18 21:51:29","1","1","0","0"
"4","0","Our Location","Our Location Side Nav LinkText","Contact.aspx?bu=1&type=location&ref=1,0,5","1","0","5","1","0","4","2007-03-18 00:00:00","2037-03-18 00:00:00","LIVE","2007-03-18 21:51:29","1","1","0","0"
"5","0","Request Information","Request Information Side Nav LinkText","Contact.aspx?bu=1&type=request&ref=1,0,6","1","0","6","2","0","4","2007-03-18 00:00:00","2037-03-18 00:00:00","LIVE","2007-03-18 21:51:29","1","1","0","0"
"6","0","Provide Feedback","Provide Feedback Side Nav LinkText","Contact.aspx?bu=1&type=feedback&ref=1,0,7","1","0","7","3","0","4","2007-03-18 00:00:00","2037-03-18 00:00:00","LIVE","2007-03-18 21:51:29","1","1","0","0"
"7","0","Information/Sample Request","Information/Sample Request Side Nav LinkText","Register.aspx?bu=1&ref=1,0,8","1","0","8","1","0","5","2007-03-18 00:00:00","2037-03-18 00:00:00","LIVE","2007-03-18 21:51:29","1","1","0","0"
"8","0","General Info","General Info Side Nav LinkText","General.aspx?pageID=11","2","0","11","1","0","3","2007-03-18 00:00:00","2037-03-18 00:00:00","LIVE","2007-03-18 21:51:29","1","1","0","0"
"9","0","Capabilities","Capabilities Side Nav LinkText","General.aspx?pageID=12","2","0","12","2","0","3","2007-03-18 00:00:00","2037-03-18 00:00:00","LIVE","2007-03-18 21:51:29","1","1","0","0"
"10","0","Company History","Company History Side Nav LinkText","General.aspx?pageID=13","2","0","13","3","0","3","2007-03-18 00:00:00","2037-03-18 00:00:00","LIVE","2007-03-18 21:51:29","1","1","0","0"
"11","0","Our Location","Our Location Side Nav LinkText","Contact.aspx?bu=2&type=location&ref=2,0,14","2","0","14","1","0","4","2007-03-18 00:00:00","2037-03-18 00:00:00","LIVE","2007-03-18 21:51:29","1","1","0","0"
"12","0","Request Information","Request Information Side Nav LinkText","Contact.aspx?bu=2&type=request&ref=2,0,15","2","0","15","2","0","4","2007-03-18 00:00:00","2037-03-18 00:00:00","LIVE","2007-03-18 21:51:29","1","1","0","0"
"13","0","Provide Feedback","Provide Feedback Side Nav LinkText","Contact.aspx?bu=2&type=feedback&ref=2,0,16","2","0","16","3","0","4","2007-03-18 00:00:00","2037-03-18 00:00:00","LIVE","2007-03-18 21:51:29","1","1","0","0"
"14","0","Information/Sample Request","Information/Sample Request Side Nav LinkText","Register.aspx?bu=2&ref=2,0,17","2","0","17","1","0","5","2007-03-18 00:00:00","2037-03-18 00:00:00","LIVE","2007-03-18 21:51:29","1","1","0","0"
"15","0","General Info","General Info Side Nav LinkText","General.aspx?pageID=23","3","0","23","1","0","3","2007-03-18 00:00:00","2037-03-18 00:00:00","LIVE","2007-03-18 21:51:29","1","1","0","0"
"16","0","Capabilities","Capabilities Side Nav LinkText","General.aspx?pageID=24","3","0","24","2","0","3","2007-03-18 00:00:00","2037-03-18 00:00:00","LIVE","2007-03-18 21:51:29","1","1","0","0"
"17","0","Company History","Company History Side Nav LinkText","General.aspx?pageID=25","3","0","25","3","0","3","2007-03-18 00:00:00","2037-03-18 00:00:00","LIVE","2007-03-18 21:51:29","1","1","0","0"
"18","0","Our Location","Our Location Side Nav LinkText","Contact.aspx?bu=3&type=location&ref=3,0,26","3","0","26","1","0","4","2007-03-18 00:00:00","2037-03-18 00:00:00","LIVE","2007-03-18 21:51:29","1","1","0","0"
"19","0","Request Information","Request Information Side Nav LinkText","Contact.aspx?bu=3&type=request&ref=3,0,27","3","0","27","2","0","4","2007-03-18 00:00:00","2037-03-18 00:00:00","LIVE","2007-03-18 21:51:29","1","1","0","0"
"20","0","Provide Feedback","Provide Feedback Side Nav LinkText","Contact.aspx?bu=3&type=feedback&ref=3,0,28","3","0","28","3","0","4","2007-03-18 00:00:00","2037-03-18 00:00:00","LIVE","2007-03-18 21:51:29","1","1","0","0"
"21","0","Information/Sample Request","Information/Sample Request Side Nav LinkText","Register.aspx?bu=3&ref=3,0,29","3","0","29","1","0","5","2007-03-18 00:00:00","2037-03-18 00:00:00","LIVE","2007-03-18 21:51:29","1","1","0","0"
"22","0","General Info","General Info Side Nav LinkText","General.aspx?pageID=33","4","0","33","1","0","3","2007-03-18 00:00:00","2037-03-18 00:00:00","LIVE","2007-03-18 21:51:29","1","1","0","0"
"23","0","Capabilities","Capabilities Side Nav LinkText","General.aspx?pageID=34","4","0","34","2","0","3","2007-03-18 00:00:00","2037-03-18 00:00:00","LIVE","2007-03-18 21:51:29","1","1","0","0"
"24","0","Company History","Company History Side Nav LinkText","General.aspx?pageID=35","4","0","35","3","0","3","2007-03-18 00:00:00","2037-03-18 00:00:00","LIVE","2007-03-18 21:51:29","1","1","0","0"
"25","0","Our Location","Our Location Side Nav LinkText","Contact.aspx?bu=4&type=location&ref=4,0,36","4","0","36","1","0","4","2007-03-18 00:00:00","2037-03-18 00:00:00","LIVE","2007-03-18 21:51:29","1","1","0","0"
"26","0","Request Information","Request Information Side Nav LinkText","Contact.aspx?bu=4&type=request&ref=4,0,37","4","0","37","2","0","4","2007-03-18 00:00:00","2037-03-18 00:00:00","LIVE","2007-03-18 21:51:29","1","1","0","0"
"27","0","Provide Feedback","Provide Feedback Side Nav LinkText","Contact.aspx?bu=4&type=feedback&ref=4,0,38","4","0","38","3","0","4","2007-03-18 00:00:00","2037-03-18 00:00:00","LIVE","2007-03-18 21:51:29","1","1","0","0"
"28","0","Information/Sample Request","Information/Sample Request Side Nav LinkText","Register.aspx?bu=4&ref=4,0,39","4","0","39","1","0","5","2007-03-18 00:00:00","2037-03-18 00:00:00","LIVE","2007-03-18 21:51:29","1","1","0","0"
"29","0","General Info","General Info Side Nav LinkText","General.aspx?pageID=45","5","0","45","1","0","3","2007-03-18 00:00:00","2037-03-18 00:00:00","LIVE","2007-03-18 21:51:29","1","1","0","0"
"30","0","Capabilities","Capabilities Side Nav LinkText","General.aspx?pageID=46","5","0","46","2","0","3","2007-03-18 00:00:00","2037-03-18 00:00:00","LIVE","2007-03-18 21:51:29","1","1","0","0"
"31","0","Company History","Company History Side Nav LinkText","General.aspx?pageID=47","5","0","47","3","0","3","2007-03-18 00:00:00","2037-03-18 00:00:00","LIVE","2007-03-18 21:51:29","1","1","0","0"
"32","0","Our Location","Our Location Side Nav LinkText","Contact.aspx?bu=5&type=location&ref=5,0,48","5","0","48","1","0","4","2007-03-18 00:00:00","2037-03-18 00:00:00","LIVE","2007-03-18 21:51:29","1","1","0","0"
"33","0","Request Information","Request Information Side Nav LinkText","Contact.aspx?bu=5&type=request&ref=5,0,49","5","0","49","2","0","4","2007-03-18 00:00:00","2037-03-18 00:00:00","LIVE","2007-03-18 21:51:29","1","1","0","0"
"34","0","Provide Feedback","Provide Feedback Side Nav LinkText","Contact.aspx?bu=5&type=feedback&ref=5,0,50","5","0","50","3","0","4","2007-03-18 00:00:00","2037-03-18 00:00:00","LIVE","2007-03-18 21:51:29","1","1","0","0"
"35","0","Information/Sample Request","Information/Sample Request Side Nav LinkText","Register.aspx?bu=5&ref=5,0,51","5","0","51","1","0","5","2007-03-18 00:00:00","2037-03-18 00:00:00","LIVE","2007-03-18 21:51:29","1","1","0","0"
