"specific_name","ordinal_position","parameter_mode","parameter_name","data_type","character_maximum_length"
"sp__GetBusinessUnits","1","IN","@LiveMode","int","0"
"sp__GetMarketByID","1","IN","@MarketID","int","0"
"sp__GetMarketByID","2","IN","@LiveMode","bit","0"
"sp__GetMarketByID","5","INOUT","@MarketOrder","int","0"
"sp__GetMarketByID","14","INOUT","@JobID","int","0"
"sp__GetMarketByID","15","INOUT","@JobName","varchar","100"
"sp__GetMarketByID","16","INOUT","@JobDescription","varchar","500"
"sp__AddProductAttribute","1","IN","@BusUnitID","int","0"
"sp__AddProductAttribute","2","IN","@AttribName","varchar","100"
"sp__AddProductAttribute","3","IN","@AllowMultiple","bit","0"
"sp__AddProductAttribute","11","INOUT","@AttribTypeID","int","0"
"sp__AddURLRewritePath","2","IN","@UrlPathOverride","varchar","500"
"sp__GetPageByID","2","IN","@LiveMode","bit","0"
"sp__AddProduct","3","IN","@ProductKeywords","varchar","200"
"sp__AddProduct","6","IN","@PublishDate","datetime","0"
"sp__AddProductAttributeReln","8","IN","@JobID","int","0"
"sp__AddProductAttributeReln","10","INOUT","@ProdAttribRelnID","int","0"
"sp__DeleteProductAttributeReln","2","IN","@UserID","int","0"
"sp__DeleteProductAttributeReln","4","IN","@WorkflowStatus","varchar","50"
"sp__GetProductAttributeRelnByID","5","INOUT","@PublishDate","datetime","0"
"sp__GetProductAttributeRelnByID","8","INOUT","@LastModifiedDate","datetime","0"
"sp__GetProductAttributeRelnByID","10","INOUT","@LastModifiedByName","varchar","150"
"sp__GetProductAttributeRelnByID","11","INOUT","@MarkedForDeletion","bit","0"
"sp__GetProductAttributeRelnByID","12","INOUT","@FmtMarkedForDeletion","varchar","3"
"sp__GetProductAttributeRelnByID","13","INOUT","@JobID","int","0"
"sp__GetProductAttributeRelnByID","14","INOUT","@JobName","varchar","100"
"sp__GetProductAttributeRelnByID","15","INOUT","@JobDescription","varchar","500"
"sp__GetProductAttributeRelnsByAttribute","1","IN","@AttribID","int","0"
"sp__GetProductAttributeRelnsByProduct","1","IN","@ProductID","int","0"
"sp__GetProductAttributeRelnsByProduct","2","IN","@LiveMode","bit","0"
"sp__GetProductByID","1","IN","@ProductID","int","0"
"sp__GetProductByID","2","INOUT","@BusUnitID","int","0"
"sp__GetProductByID","3","INOUT","@ProductName","varchar","200"
"sp__GetProductByID","4","INOUT","@ProductKeywords","varchar","200"
"sp__GetProductByID","5","INOUT","@ProductBlurb","varchar","2000"
"sp__GetProductByID","6","INOUT","@ProductApprovals","varchar","2000"
"sp__GetProductByID","7","INOUT","@PublishDate","datetime","0"
"sp__GetProductByID","8","INOUT","@ExpireDate","datetime","0"
"sp__GetProductByID","9","INOUT","@WorkflowStatus","varchar","50"
"sp__GetProductByID","10","INOUT","@LastModifiedDate","datetime","0"
"sp__GetProductByID","11","INOUT","@LastModifiedBy","int","0"
"sp__GetProductByID","12","INOUT","@LastModifiedByName","varchar","150"
"sp__GetProductByID","13","INOUT","@MarkedForDeletion","bit","0"
"sp__GetProductByID","14","INOUT","@FmtMarkedForDeletion","varchar","3"
"sp__GetProductByID","15","INOUT","@JobID","int","0"
"sp__GetProductByID","16","INOUT","@JobName","varchar","100"
"sp__GetProductByID","17","INOUT","@JobDescription","varchar","500"
"sp__UpdateProduct","1","IN","@BusUnitID","int","0"
"sp__UpdateProduct","2","IN","@ProductID","int","0"
"sp__UpdateProduct","3","IN","@ProductName","varchar","200"
"sp__UpdateProduct","4","IN","@ProductKeywords","varchar","200"
"sp__UpdateProduct","5","IN","@ProductBlurb","varchar","2000"
"sp__UpdateProduct","6","IN","@ProductApprovals","varchar","2000"
"sp__UpdateProduct","7","IN","@PublishDate","datetime","0"
"sp__UpdateProduct","8","IN","@ExpireDate","datetime","0"
"sp__UpdateProduct","9","IN","@MarkedForDeletion","bit","0"
"sp__UpdateProduct","10","IN","@WorkflowStatus","varchar","50"
"sp__UpdateProduct","11","IN","@JobID","int","0"
"sp__UpdateProduct","12","IN","@UserID","int","0"
"sp__UpdateProductAttributeReln","1","IN","@ProdAttribRelnID","int","0"
"sp__UpdateProductAttributeReln","2","IN","@ProductID","int","0"
"sp__UpdateProductAttributeReln","3","IN","@AttribID","int","0"
"sp__UpdateProductAttributeReln","4","IN","@AttribValue","varchar","500"
"sp__UpdateProductAttributeReln","5","IN","@PublishDate","datetime","0"
"sp__UpdateProductAttributeReln","6","IN","@ExpireDate","datetime","0"
"sp__UpdateProductAttributeReln","7","IN","@MarkedForDeletion","bit","0"
"sp__UpdateProductAttributeReln","8","IN","@WorkflowStatus","varchar","50"
"sp__UpdateProductAttributeReln","9","IN","@JobID","int","0"
"sp__UpdateProductAttributeReln","10","IN","@UserID","int","0"
"sp__GetContentModuleByModId","1","IN","@ContentId","int","0"
"sp__GetContentModuleByModId","2","IN","@LiveMode","bit","0"
"sp__GetHeaderSideContentByID","1","IN","@HeaderSideContentModuleID","int","0"
"sp__GetHeaderSideContentByID","2","IN","@LiveMode","bit","0"
"sp__GetHeaderSideContentByID","3","INOUT","@Title","varchar","50"
"sp__GetHeaderSideContentByID","4","INOUT","@LineText1","varchar","200"
"sp__GetHeaderSideContentByID","5","INOUT","@InternalLink1","int","0"
"sp__GetHeaderSideContentByID","6","INOUT","@InternalLink1Type","varchar","50"
"sp__GetHeaderSideContentByID","7","INOUT","@ExternalLink1","varchar","300"
"sp__GetHeaderSideContentByID","8","INOUT","@LineText2","varchar","200"
"sp__GetHeaderSideContentByID","9","INOUT","@InternalLink2","int","0"
"sp__GetHeaderSideContentByID","10","INOUT","@InternalLink2Type","varchar","50"
"sp__GetHeaderSideContentByID","11","INOUT","@ExternalLink2","varchar","300"
"sp__GetHeaderSideContentByID","12","INOUT","@PublishDate","datetime","0"
"sp__GetHeaderSideContentByID","13","INOUT","@ExpireDate","datetime","0"
"sp__GetHeaderSideContentByID","14","INOUT","@WorkflowStatus","varchar","50"
"sp__GetHeaderSideContentByID","15","INOUT","@LastModifiedDate","datetime","0"
"sp__GetHeaderSideContentByID","16","INOUT","@LastModifiedBy","int","0"
"sp__GetHeaderSideContentByID","17","INOUT","@LastModifiedByName","varchar","150"
"sp__GetHeaderSideContentByID","18","INOUT","@ActiveFlag","bit","0"
"sp__GetHeaderSideContentByID","19","INOUT","@MarkedForDeletion","bit","0"
"sp__GetHeaderSideContentByID","20","INOUT","@FmtMarkedForDeletion","varchar","3"
"sp__GetHeaderSideContentByID","21","INOUT","@JobID","int","0"
"sp__GetHeaderSideContentByID","22","INOUT","@JobName","varchar","100"
"sp__GetHeaderSideContentByID","23","INOUT","@JobDescription","varchar","500"
"sp__GetImageByModId","1","IN","@ImageModId","int","0"
"sp__GetImageByModId","2","IN","@LiveMode","bit","0"
"sp__GetImageByModId","3","INOUT","@ImageId","int","0"
"sp__GetImageByModId","4","INOUT","@ImagePath","varchar","500"
"sp__GetImageByModId","5","INOUT","@Alt","varchar","200"
"sp__GetImageByModId","6","INOUT","@Width","int","0"
"sp__GetImageByModId","7","INOUT","@Height","int","0"
"sp__GetImageByModId","8","INOUT","@PublishDate","datetime","0"
"sp__GetImageByModId","9","INOUT","@ExpireDate","datetime","0"
"sp__GetImageByModId","10","INOUT","@WorkflowStatus","varchar","50"
"sp__GetImageByModId","11","INOUT","@LastModifiedDate","datetime","0"
"sp__GetImageByModId","12","INOUT","@LastModifiedBy","int","0"
"sp__GetImageByModId","13","INOUT","@ActiveFlag","bit","0"
"sp__GetImageByModId","14","INOUT","@MarkedForDeletion","bit","0"
"sp__GetImageByModId","15","INOUT","@JobID","int","0"
"sp__GetProductGridModuleByModId","1","IN","@ProductGridModuleId","int","0"
"sp__GetProductGridModuleByModId","2","IN","@LiveMode","bit","0"
"sp__GetNavImagesByMarket","1","IN","@MarketID","int","0"
"sp__GetNavImagesByMarket","2","IN","@LiveMode","bit","0"
"sp__AddProductBlurbModuleWithProduct","1","IN","@SourceID","int","0"
"sp__AddProductBlurbModuleWithProduct","2","IN","@ProductSelection","varchar","15"
"sp__AddProductBlurbModuleWithProduct","3","IN","@Title","varchar","200"
"sp__AddProductBlurbModuleWithProduct","4","IN","@ProductBlurb","varchar","2000"
"sp__AddProductBlurbModuleWithProduct","5","IN","@BlurbProductList","varchar","500"
"sp__AddProductBlurbModuleWithProduct","6","IN","@PublishDate","datetime","0"
"sp__AddProductBlurbModuleWithProduct","7","IN","@ExpireDate","datetime","0"
"sp__AddProductBlurbModuleWithProduct","8","IN","@MarkedForDeletion","bit","0"
"sp__AddProductBlurbModuleWithProduct","9","IN","@WorkflowStatus","varchar","50"
"sp__AddProductBlurbModuleWithProduct","10","IN","@JobID","int","0"
"sp__AddProductBlurbModuleWithProduct","11","IN","@UserID","int","0"
"sp__AddProductBlurbModuleWithProduct","12","INOUT","@ProductBlurbModuleID","int","0"
"sp__DeleteProductBlurb","1","IN","@ProductBlurbModuleId","int","0"
"sp__DeleteProductBlurb","2","IN","@JobID","int","0"
"sp__DeleteProductBlurb","3","IN","@UserID","int","0"
"sp__UpdateDeploymentJobToWorkingStatus","1","IN","@UserId","int","0"
"sp__UpdateDeploymentJobToWorkingStatus","2","IN","@JobId","int","0"
"sp__AddContentModule","1","IN","@PageID","int","0"
"sp__AddContentModule","2","IN","@ModuleType","varchar","50"
"sp__AddContentModule","3","IN","@ModuleOrder","int","0"
"sp__AddContentModule","4","IN","@ShowTitle","bit","0"
"sp__AddContentModule","5","IN","@Title","varchar","50"
"sp__AddContentModule","6","IN","@Content","text","2147483647"
"sp__AddContentModule","7","IN","@PublishDate","datetime","0"
"sp__AddContentModule","8","IN","@ExpireDate","datetime","0"
"sp__AddContentModule","9","IN","@MarkedForDeletion","bit","0"
"sp__AddContentModule","10","IN","@WorkflowStatus","varchar","50"
"sp__AddContentModule","11","IN","@JobID","int","0"
"sp__AddContentModule","12","IN","@UserID","int","0"
"sp__AddContentModule","13","INOUT","@ContentID","int","0"
"sp__AddContentModule","14","INOUT","@PageModuleRelnID","int","0"
"sp__AddDocument","1","IN","@ProductID","int","0"
"sp__AddDocument","2","IN","@RegionID","int","0"
"sp__AddDocument","3","IN","@DocTitle","varchar","100"
"sp__AddDocument","4","IN","@DocPath","varchar","500"
"sp__AddDocument","5","IN","@ContentType","varchar","20"
"sp__AddDocument","6","IN","@DocumentType","varchar","50"
"sp__AddDocument","7","IN","@UploadDate","datetime","0"
"sp__AddDocument","8","IN","@PublishDate","datetime","0"
"sp__AddDocument","9","IN","@ExpireDate","datetime","0"
"sp__AddDocument","10","IN","@WorkflowStatus","varchar","50"
"sp__AddDocument","11","IN","@UserID","int","0"
"sp__AddDocument","12","IN","@ActiveFlag","bit","0"
"sp__AddDocument","13","IN","@MarkedForDeletion","bit","0"
"sp__AddDocument","14","IN","@JobID","int","0"
"sp__AddDocument","15","INOUT","@DocumentID","int","0"
"sp__AddProductSearchAttributeReln","1","IN","@ProductID","int","0"
"sp__AddProductSearchAttributeReln","2","IN","@SearchAttribTypeID","int","0"
"sp__AddProductSearchAttributeReln","3","IN","@PublishDate","datetime","0"
"sp__AddProductSearchAttributeReln","4","IN","@ExpireDate","datetime","0"
"sp__AddProductSearchAttributeReln","5","IN","@MarkedForDeletion","bit","0"
"sp__AddProductSearchAttributeReln","6","IN","@WorkflowStatus","varchar","50"
"sp__AddProductSearchAttributeReln","7","IN","@JobID","int","0"
"sp__AddProductSearchAttributeReln","8","IN","@UserID","int","0"
"sp__AddProductSearchAttributeReln","9","INOUT","@ProdSearchAttribRelnID","int","0"
"sp__AddSearchAttribute","1","IN","@BusUnitID","int","0"
"sp__AddSearchAttribute","2","IN","@MarketID","int","0"
"sp__AddSearchAttribute","3","IN","@SearchAttribName","varchar","100"
"sp__AddSearchAttribute","4","IN","@PublishDate","datetime","0"
"sp__AddSearchAttribute","5","IN","@ExpireDate","datetime","0"
"sp__AddSearchAttribute","6","IN","@MarkedForDeletion","bit","0"
"sp__AddSearchAttribute","7","IN","@WorkflowStatus","varchar","50"
"sp__AddSearchAttribute","8","IN","@JobID","int","0"
"sp__AddSearchAttribute","9","IN","@UserID","int","0"
"sp__AddSearchAttribute","10","INOUT","@SearchAttribTypeID","int","0"
"sp__DeleteContentModule","1","IN","@PageModuleRelnID","int","0"
"sp__DeleteContentModule","2","IN","@UserID","int","0"
"sp__DeleteContentModule","3","IN","@JobID","int","0"
"sp__DeleteContentModule","4","IN","@WorkflowStatus","varchar","50"
"sp__DeleteDocument","1","IN","@DocumentID","int","0"
"sp__DeleteDocument","2","IN","@UserID","int","0"
"sp__DeleteDocument","3","IN","@JobID","int","0"
"sp__DeleteDocument","4","IN","@WorkflowStatus","varchar","50"
"sp__DeleteProduct","1","IN","@ProductID","int","0"
"sp__DeleteProduct","2","IN","@JobID","int","0"
"sp__DeleteProduct","3","IN","@WorkflowStatus","varchar","50"
"sp__DeleteProduct","4","IN","@MarkedForDeletion","bit","0"
"sp__DeleteProduct","5","IN","@UserID","int","0"
"sp__DeleteProductSearchAttributeReln","1","IN","@ProdSearchAttribRelnID","int","0"
"sp__DeleteProductSearchAttributeReln","2","IN","@UserID","int","0"
"sp__DeleteProductSearchAttributeReln","3","IN","@JobID","int","0"
"sp__DeleteProductSearchAttributeReln","4","IN","@WorkflowStatus","varchar","50"
"sp__DeleteSearchAttribute","1","IN","@SearchAttribTypeID","int","0"
"sp__DeleteSearchAttribute","2","IN","@UserID","int","0"
"sp__DeleteSearchAttribute","3","IN","@JobID","int","0"
"sp__DeleteSearchAttribute","4","IN","@WorkflowStatus","varchar","50"
"sp__GetAdvanceSearchResults","1","IN","@MarketId","int","0"
"sp__GetAdvanceSearchResults","2","IN","@Keywords","varchar","100"
"sp__GetAdvanceSearchResults","3","IN","@SearchAttribIdList","varchar","300"
"sp__GetDocumentsByBU","1","IN","@BusUnitID","int","0"
"sp__GetDocumentsByBU","2","IN","@LiveMode","bit","0"
"sp__GetDocumentsByProduct","1","IN","@ProductID","int","0"
"sp__GetDocumentsByProduct","2","IN","@LiveMode","bit","0"
"sp__GetPageListByBU","1","IN","@BusUnitID","int","0"
"sp__GetPageListByMarket","1","IN","@MarketID","int","0"
"sp__GetPageModulesByPage","1","IN","@PageID","int","0"
"sp__GetPageModulesByPage","2","IN","@LiveMode","int","0"
"sp__GetProductsBySearchAttributes","1","IN","@MarketId","int","0"
"sp__GetProductsBySearchAttributes","2","IN","@Keywords","varchar","100"
"sp__GetProductsBySearchAttributes","3","IN","@SearchAttribIdList","varchar","300"
"sp__GetProductSearchAttributeRelnsByAttrib","1","IN","@SearchAttribTypeID","int","0"
"sp__GetProductSearchAttributeRelnsByAttrib","2","IN","@BusUnitID","int","0"
"sp__GetProductSearchAttributeRelnsByAttrib","3","IN","@Selected","bit","0"
"sp__GetProductSearchAttributeRelnsByAttrib","4","IN","@LiveMode","bit","0"
"sp__GetProductSearchAttributeRelnsByProduct","1","IN","@ProductID","int","0"
"sp__GetProductSearchAttributeRelnsByProduct","2","IN","@MarketID","int","0"
"sp__GetProductSearchAttributeRelnsByProduct","3","IN","@Selected","bit","0"
"sp__GetProductSearchAttributeRelnsByProduct","4","IN","@LiveMode","bit","0"
"sp__GetRegions","1","IN","@LiveMode","int","0"
"sp__GetSearchAttributeByID","1","IN","@SearchAttribTypeID","int","0"
"sp__GetSearchAttributeByID","2","INOUT","@BusUnitID","int","0"
"sp__GetSearchAttributeByID","3","INOUT","@MarketID","int","0"
"sp__GetSearchAttributeByID","4","INOUT","@SearchAttribName","varchar","100"
"sp__GetSearchAttributeByID","5","INOUT","@PublishDate","datetime","0"
"sp__GetSearchAttributeByID","6","INOUT","@ExpireDate","datetime","0"
"sp__GetSearchAttributeByID","7","INOUT","@WorkflowStatus","varchar","50"
"sp__GetSearchAttributeByID","8","INOUT","@LastModifiedDate","datetime","0"
"sp__GetSearchAttributeByID","9","INOUT","@LastModifiedBy","int","0"
"sp__GetSearchAttributeByID","10","INOUT","@LastModifiedByName","varchar","150"
"sp__GetSearchAttributeByID","11","INOUT","@MarkedForDeletion","bit","0"
"sp__GetSearchAttributeByID","12","INOUT","@FmtMarkedForDeletion","varchar","3"
"sp__GetSearchAttributeByID","13","INOUT","@JobID","int","0"
"sp__GetSearchAttributeByID","14","INOUT","@JobName","varchar","100"
"sp__GetSearchAttributeByID","15","INOUT","@JobDescription","varchar","500"
"sp__GetSearchAttributesByBU","1","IN","@BusUnitID","int","0"
"sp__GetSearchAttributesByBU","2","IN","@LiveMode","bit","0"
"sp__GetSearchAttributesByMkt","1","IN","@MktID","int","0"
"sp__GetSearchAttributesByMkt","2","IN","@LiveMode","bit","0"
"sp__GetSimpleSearchResults","1","IN","@Keywords","varchar","100"
"sp__GetSimpleSearchResults","2","IN","@BusUnitID","int","0"
"sp__UpdateContentModule","1","IN","@ContentID","int","0"
"sp__UpdateContentModule","2","IN","@PageModuleRelnID","int","0"
"sp__UpdateContentModule","3","IN","@ModuleType","varchar","50"
"sp__UpdateContentModule","4","IN","@ModuleOrder","int","0"
"sp__UpdateContentModule","5","IN","@ShowTitle","bit","0"
"sp__UpdateContentModule","6","IN","@Title","varchar","50"
"sp__UpdateContentModule","7","IN","@Content","text","2147483647"
"sp__UpdateContentModule","8","IN","@PublishDate","datetime","0"
"sp__UpdateContentModule","9","IN","@ExpireDate","datetime","0"
"sp__UpdateContentModule","10","IN","@MarkedForDeletion","bit","0"
"sp__UpdateContentModule","11","IN","@WorkflowStatus","varchar","50"
"sp__UpdateContentModule","12","IN","@JobID","int","0"
"sp__UpdateContentModule","13","IN","@UserID","int","0"
"sp__UpdateDocument","1","IN","@DocumentID","int","0"
"sp__UpdateDocument","2","IN","@ProductID","int","0"
"sp__UpdateDocument","3","IN","@RegionID","int","0"
"sp__UpdateDocument","4","IN","@DocTitle","varchar","100"
"sp__UpdateDocument","5","IN","@DocPath","varchar","500"
"sp__UpdateDocument","6","IN","@ContentType","varchar","20"
"sp__UpdateDocument","7","IN","@DocumentType","varchar","50"
"sp__UpdateDocument","8","IN","@UploadDate","datetime","0"
"sp__UpdateDocument","9","IN","@PublishDate","datetime","0"
"sp__UpdateDocument","10","IN","@ExpireDate","datetime","0"
"sp__UpdateDocument","11","IN","@WorkflowStatus","varchar","50"
"sp__UpdateDocument","12","IN","@UserID","int","0"
"sp__UpdateDocument","13","IN","@ActiveFlag","bit","0"
"sp__UpdateDocument","14","IN","@MarkedForDeletion","bit","0"
"sp__UpdateDocument","15","IN","@JobID","int","0"
"sp__UpdateSearchAttribute","1","IN","@SearchAttribTypeID","int","0"
"sp__UpdateSearchAttribute","2","IN","@BusUnitID","int","0"
"sp__UpdateSearchAttribute","3","IN","@MarketID","int","0"
"sp__UpdateSearchAttribute","4","IN","@SearchAttribName","varchar","100"
"sp__UpdateSearchAttribute","5","IN","@PublishDate","datetime","0"
"sp__UpdateSearchAttribute","6","IN","@ExpireDate","datetime","0"
"sp__UpdateSearchAttribute","7","IN","@MarkedForDeletion","bit","0"
"sp__UpdateSearchAttribute","8","IN","@WorkflowStatus","varchar","50"
"sp__UpdateSearchAttribute","9","IN","@JobID","int","0"
"sp__UpdateSearchAttribute","10","IN","@UserID","int","0"
"sp__UpdateWebPage","1","IN","@PageID","int","0"
"sp__UpdateWebPage","2","IN","@BusUnitID","int","0"
"sp__UpdateWebPage","3","IN","@MarketID","int","0"
"sp__UpdateWebPage","4","IN","@PageType","varchar","50"
"sp__UpdateWebPage","5","IN","@PageTitle","varchar","100"
"sp__UpdateWebPage","6","IN","@MetaKeywords","varchar","1500"
"sp__UpdateWebPage","7","IN","@MetaDescription","varchar","500"
"sp__UpdateWebPage","8","IN","@PassthroughURL","varchar","300"
"sp__UpdateWebPage","9","IN","@IsRequired","bit","0"
"sp__UpdateWebPage","10","IN","@IsReadOnly","bit","0"
"sp__UpdateWebPage","11","IN","@PublishDate","datetime","0"
"sp__UpdateWebPage","12","IN","@ExpireDate","datetime","0"
"sp__UpdateWebPage","13","IN","@WorkflowStatus","varchar","50"
"sp__UpdateWebPage","14","IN","@UserID","int","0"
"sp__UpdateWebPage","15","IN","@ActiveFlag","bit","0"
"sp__UpdateWebPage","16","IN","@MarkedForDeletion","bit","0"
"sp__UpdateWebPage","17","IN","@JobID","int","0"
"sp_NLT_PetrofermDataScripts","1","IN","@deploy_this_content_to_live_site","bit","0"
"sp__GetDeploymentJobByID","1","IN","@DeploymentJobID","int","0"
"sp__AddProductBlurbModule","1","IN","@PageID","int","0"
"sp__AddProductBlurbModule","2","IN","@ProductID","int","0"
"sp__AddProductBlurbModule","3","IN","@ProductIDList","varchar","100"
"sp__AddProductBlurbModule","4","IN","@ProductSelection","varchar","20"
"sp__AddProductBlurbModule","5","IN","@ProductBlurb","varchar","2000"
"sp__AddProductBlurbModule","6","IN","@ModuleType","varchar","50"
"sp__AddProductBlurbModule","7","IN","@ModuleOrder","int","0"
"sp__AddProductBlurbModule","8","IN","@ShowTitle","bit","0"
"sp__AddProductBlurbModule","9","IN","@Title","varchar","50"
"sp__AddProductBlurbModule","10","IN","@PublishDate","datetime","0"
"sp__AddProductBlurbModule","11","IN","@ExpireDate","datetime","0"
"sp__AddProductBlurbModule","12","IN","@MarkedForDeletion","bit","0"
"sp__AddProductBlurbModule","13","IN","@WorkflowStatus","varchar","50"
"sp__AddProductBlurbModule","14","IN","@JobID","int","0"
"sp__AddProductBlurbModule","15","IN","@UserID","int","0"
"sp__AddProductBlurbModule","16","INOUT","@ProductBlurbModuleID","int","0"
"sp__AddProductBlurbModule","17","INOUT","@PageModuleRelnID","int","0"
"sp__DeleteProductBlurbModule","1","IN","@ProductBlurbModuleID","int","0"
"sp__DeleteProductBlurbModule","2","IN","@UserID","int","0"
"sp__DeleteProductBlurbModule","3","IN","@JobID","int","0"
"sp__DeleteProductBlurbModule","4","IN","@WorkflowStatus","varchar","50"
"sp__GetProductBlurbModuleByID","1","IN","@ProductBlurbModuleId","int","0"
"sp__GetProductBlurbModuleByID","2","IN","@LiveMode","bit","0"
"sp__GetProductBlurbModuleRelnsByProduct","1","IN","@ProductBlurbModuleID","int","0"
"sp__GetProductBlurbModuleRelnsByProduct","2","IN","@BusUnitID","int","0"
"sp__GetProductBlurbModuleRelnsByProduct","3","IN","@Selected","bit","0"
"sp__UpdateProductBlurbModule","1","IN","@ProductBlurbModuleID","int","0"
"sp__UpdateProductBlurbModule","2","IN","@ProductID","int","0"
"sp__UpdateProductBlurbModule","3","IN","@ProductIDList","varchar","100"
"sp__UpdateProductBlurbModule","4","IN","@ProductSelection","varchar","20"
"sp__UpdateProductBlurbModule","5","IN","@ProductBlurb","varchar","2000"
"sp__UpdateProductBlurbModule","6","IN","@ModuleOrder","int","0"
"sp__UpdateProductBlurbModule","7","IN","@ShowTitle","bit","0"
"sp__UpdateProductBlurbModule","8","IN","@Title","varchar","50"
"sp__UpdateProductBlurbModule","9","IN","@PublishDate","datetime","0"
"sp__UpdateProductBlurbModule","10","IN","@ExpireDate","datetime","0"
"sp__UpdateProductBlurbModule","11","IN","@WorkflowStatus","varchar","50"
"sp__UpdateProductBlurbModule","12","IN","@JobID","int","0"
"sp__UpdateProductBlurbModule","13","IN","@UserID","int","0"
"sp__AddHeaderSideContentModule","1","IN","@PageID","int","0"
"sp__AddHeaderSideContentModule","2","IN","@ModuleType","varchar","50"
"sp__AddHeaderSideContentModule","3","IN","@ModuleOrder","int","0"
"sp__AddHeaderSideContentModule","4","IN","@ShowTitle","bit","0"
"sp__AddHeaderSideContentModule","5","IN","@Title","varchar","50"
"sp__AddHeaderSideContentModule","6","IN","@LineText1","varchar","200"
"sp__AddHeaderSideContentModule","7","IN","@InternalLink1","int","0"
"sp__AddHeaderSideContentModule","8","IN","@InternalLink1Type","varchar","50"
"sp__AddHeaderSideContentModule","9","IN","@ExternalLink1","varchar","300"
"sp__AddHeaderSideContentModule","10","IN","@LineText2","varchar","200"
"sp__AddHeaderSideContentModule","11","IN","@InternalLink2","int","0"
"sp__AddHeaderSideContentModule","12","IN","@InternalLink2Type","varchar","50"
"sp__AddHeaderSideContentModule","13","IN","@ExternalLink2","varchar","300"
"sp__AddHeaderSideContentModule","14","IN","@PublishDate","datetime","0"
"sp__AddHeaderSideContentModule","15","IN","@ExpireDate","datetime","0"
"sp__AddHeaderSideContentModule","16","IN","@MarkedForDeletion","bit","0"
"sp__AddHeaderSideContentModule","17","IN","@WorkflowStatus","varchar","50"
"sp__AddHeaderSideContentModule","18","IN","@JobID","int","0"
"sp__AddHeaderSideContentModule","19","IN","@UserID","int","0"
"sp__AddHeaderSideContentModule","20","INOUT","@HeaderSideContentModuleID","int","0"
"sp__AddHeaderSideContentModule","21","INOUT","@PageModuleRelnID","int","0"
"sp__AddImageModule","1","IN","@ImageID","int","0"
"sp__AddImageModule","2","IN","@ImageType","varchar","25"
"sp__AddImageModule","3","IN","@ImageOrder","int","0"
"sp__AddImageModule","4","IN","@ImagePath","varchar","500"
"sp__AddImageModule","5","IN","@Alt","varchar","200"
"sp__AddImageModule","6","IN","@Height","int","0"
"sp__AddImageModule","7","IN","@Width","int","0"
"sp__AddImageModule","8","IN","@PageID","int","0"
"sp__AddImageModule","9","IN","@ModuleType","varchar","50"
"sp__AddImageModule","10","IN","@ModuleOrder","int","0"
"sp__AddImageModule","11","IN","@ShowTitle","bit","0"
"sp__AddImageModule","12","IN","@PublishDate","datetime","0"
"sp__AddImageModule","13","IN","@ExpireDate","datetime","0"
"sp__AddImageModule","14","IN","@MarkedForDeletion","bit","0"
"sp__AddImageModule","15","IN","@WorkflowStatus","varchar","50"
"sp__AddImageModule","16","IN","@JobID","int","0"
"sp__AddImageModule","17","IN","@UserID","int","0"
"sp__AddImageModule","18","INOUT","@ImageModuleID","int","0"
"sp__AddImageModule","19","INOUT","@PageModuleRelnID","int","0"
"sp__AddProductGridModule","1","IN","@PageID","int","0"
"sp__AddProductGridModule","2","IN","@ModuleType","varchar","50"
"sp__AddProductGridModule","3","IN","@ProductGridTitle","varchar","50"
"sp__AddProductGridModule","4","IN","@ProductGridBlurb","text","2147483647"
"sp__AddProductGridModule","5","IN","@ModuleOrder","int","0"
"sp__AddProductGridModule","6","IN","@ShowTitle","bit","0"
"sp__AddProductGridModule","7","IN","@ProductGridID","int","0"
"sp__AddProductGridModule","8","IN","@ProductGridName","varchar","100"
"sp__AddProductGridModule","9","IN","@BusUnitID","int","0"
"sp__AddProductGridModule","10","IN","@ProductIDList","varchar","200"
"sp__AddProductGridModule","11","IN","@AttributeIDList","varchar","200"
"sp__AddProductGridModule","12","IN","@PublishDate","datetime","0"
"sp__AddProductGridModule","13","IN","@ExpireDate","datetime","0"
"sp__AddProductGridModule","14","IN","@MarkedForDeletion","bit","0"
"sp__AddProductGridModule","15","IN","@WorkflowStatus","varchar","50"
"sp__AddProductGridModule","16","IN","@JobID","int","0"
"sp__AddProductGridModule","17","IN","@UserID","int","0"
"sp__AddProductGridModule","18","INOUT","@ProductGridModuleID","int","0"
"sp__AddProductGridModule","19","INOUT","@PageModuleRelnID","int","0"
"sp__AddRegistrant","1","IN","@UserID","uniqueidentifier","0"
"sp__AddRegistrant","2","IN","@FullName","varchar","150"
"sp__AddRegistrant","3","IN","@RegionId","int","0"
"sp__AddRegistrant","4","IN","@CompanyName","varchar","300"
"sp__AddRegistrant","5","IN","@ActiveFlag","bit","0"
"sp__AddRegistrant","6","IN","@LastModBy","int","0"
"sp__AddRegistrant","7","INOUT","@RegId","int","0"
"sp__DeleteHeaderSideContentModule","1","IN","@HeaderSideContentModuleID","int","0"
"sp__DeleteHeaderSideContentModule","2","IN","@UserID","int","0"
"sp__DeleteHeaderSideContentModule","3","IN","@JobID","int","0"
"sp__DeleteHeaderSideContentModule","4","IN","@WorkflowStatus","varchar","50"
"sp__DeleteImageModule","1","IN","@ImageModuleID","int","0"
"sp__DeleteImageModule","2","IN","@UserID","int","0"
"sp__DeleteImageModule","3","IN","@JobID","int","0"
"sp__DeleteImageModule","4","IN","@WorkflowStatus","varchar","50"
"sp__DeleteProductGridModule","1","IN","@ProductGridModuleID","int","0"
"sp__DeleteProductGridModule","2","IN","@UserID","int","0"
"sp__DeleteProductGridModule","3","IN","@JobID","int","0"
"sp__DeleteProductGridModule","4","IN","@WorkflowStatus","varchar","50"
"sp__GetPageModuleCloneListByBU","1","IN","@BusUnitID","int","0"
"sp__GetPageModulesByBUForCopy","1","IN","@BusUnitID","int","0"
"sp__GetProductGridAttributes","1","IN","@ProductGridID","int","0"
"sp__GetProductGridAttributes","2","IN","@BusUnitID","int","0"
"sp__GetProductGridAttributes","3","IN","@Selected","bit","0"
"sp__GetProductGridByID","1","IN","@ProductGridID","int","0"
"sp__GetProductGridByID","2","IN","@LiveMode","bit","0"
"sp__GetProductGridProducts","1","IN","@ProductGridID","int","0"
"sp__GetProductGridProducts","2","IN","@BusUnitID","int","0"
"sp__GetProductGridProducts","3","IN","@Selected","bit","0"
"sp__GetProductGridsByBU","1","IN","@BusUnitID","int","0"
"sp__GetProductGridsByBU","2","IN","@LiveMode","int","0"
"sp__GetSideNavProdCategories","1","IN","@BusUnitID","int","0"
"sp__GetSideNavProdCategories","2","IN","@MarketID","int","0"
"sp__GetSideNavProdCategories","3","IN","@LiveMode","int","0"
"sp__GetSideNavSections","1","IN","@UserSelect","int","0"
"sp__UpdateHeaderSideContentModule","1","IN","@HeaderSideContentContentModuleID","int","0"
"sp__UpdateHeaderSideContentModule","2","IN","@ModuleType","varchar","50"
"sp__UpdateHeaderSideContentModule","3","IN","@ModuleOrder","int","0"
"sp__UpdateHeaderSideContentModule","4","IN","@ShowTitle","bit","0"
"sp__UpdateHeaderSideContentModule","5","IN","@Title","varchar","50"
"sp__UpdateHeaderSideContentModule","6","IN","@LineText1","varchar","200"
"sp__UpdateHeaderSideContentModule","7","IN","@InternalLink1","int","0"
"sp__UpdateHeaderSideContentModule","8","IN","@InternalLink1Type","varchar","50"
"sp__UpdateHeaderSideContentModule","9","IN","@ExternalLink1","varchar","300"
"sp__UpdateHeaderSideContentModule","10","IN","@LineText2","varchar","200"
"sp__UpdateHeaderSideContentModule","11","IN","@InternalLink2","int","0"
"sp__UpdateHeaderSideContentModule","12","IN","@InternalLink2Type","varchar","50"
"sp__UpdateHeaderSideContentModule","13","IN","@ExternalLink2","varchar","300"
"sp__UpdateHeaderSideContentModule","14","IN","@PublishDate","datetime","0"
"sp__UpdateHeaderSideContentModule","15","IN","@ExpireDate","datetime","0"
"sp__UpdateHeaderSideContentModule","16","IN","@MarkedForDeletion","bit","0"
"sp__UpdateHeaderSideContentModule","17","IN","@WorkflowStatus","varchar","50"
"sp__UpdateHeaderSideContentModule","18","IN","@JobID","int","0"
"sp__UpdateHeaderSideContentModule","19","IN","@UserID","int","0"
"sp__UpdateImageModule","1","IN","@ImageModuleID","int","0"
"sp__UpdateImageModule","2","IN","@ImageID","int","0"
"sp__UpdateImageModule","3","IN","@ImageType","varchar","25"
"sp__UpdateImageModule","4","IN","@ImageOrder","int","0"
"sp__UpdateImageModule","5","IN","@ImagePath","varchar","500"
"sp__UpdateImageModule","6","IN","@Alt","varchar","200"
"sp__UpdateImageModule","7","IN","@Height","int","0"
"sp__UpdateImageModule","8","IN","@Width","int","0"
"sp__UpdateImageModule","9","IN","@PageID","int","0"
"sp__UpdateImageModule","10","IN","@ModuleType","varchar","50"
"sp__UpdateImageModule","11","IN","@ModuleOrder","int","0"
"sp__UpdateImageModule","12","IN","@ShowTitle","bit","0"
"sp__UpdateImageModule","13","IN","@PublishDate","datetime","0"
"sp__UpdateImageModule","14","IN","@ExpireDate","datetime","0"
"sp__UpdateImageModule","15","IN","@MarkedForDeletion","bit","0"
"sp__UpdateImageModule","16","IN","@WorkflowStatus","varchar","50"
"sp__UpdateImageModule","17","IN","@JobID","int","0"
"sp__UpdateImageModule","18","IN","@UserID","int","0"
"sp__UpdateProductGridModule","1","IN","@ProductGridModuleID","int","0"
"sp__UpdateProductGridModule","2","IN","@ModuleType","varchar","50"
"sp__UpdateProductGridModule","3","IN","@ProductGridTitle","varchar","50"
"sp__UpdateProductGridModule","4","IN","@ProductGridBlurb","text","2147483647"
"sp__UpdateProductGridModule","5","IN","@ModuleOrder","int","0"
"sp__UpdateProductGridModule","6","IN","@ShowTitle","bit","0"
"sp__UpdateProductGridModule","7","IN","@ProductGridID","int","0"
"sp__UpdateProductGridModule","8","IN","@ProductGridName","varchar","100"
"sp__UpdateProductGridModule","9","IN","@BusUnitID","int","0"
"sp__UpdateProductGridModule","10","IN","@ProductIDList","varchar","200"
"sp__UpdateProductGridModule","11","IN","@AttributeIDList","varchar","200"
"sp__UpdateProductGridModule","12","IN","@PublishDate","datetime","0"
"sp__UpdateProductGridModule","13","IN","@ExpireDate","datetime","0"
"sp__UpdateProductGridModule","14","IN","@MarkedForDeletion","bit","0"
"sp__UpdateProductGridModule","15","IN","@WorkflowStatus","varchar","50"
"sp__UpdateProductGridModule","16","IN","@JobID","int","0"
"sp__UpdateProductGridModule","17","IN","@UserID","int","0"
"sp__AddSideNavProdCategory","1","IN","@BusUnitID","int","0"
"sp__AddSideNavProdCategory","2","IN","@MarketID","int","0"
"sp__AddSideNavProdCategory","3","IN","@CategoryName","varchar","50"
"sp__DeleteSideNavProdCategory","4","IN","@WorkflowStatus","varchar","50"
"sp__GetSideNavProdCategoryByID","1","IN","@ProdCatID","int","0"
"sp__GetSideNavProdCategoryByID","3","INOUT","@MarketID","int","0"
"sp__GetSideNavProdCategoryByID","4","INOUT","@CategoryName","varchar","50"
"sp__GetSideNavProdCategoryByID","6","INOUT","@PublishDate","datetime","0"
"sp__GetSideNavProdCategoryByID","8","INOUT","@WorkflowStatus","varchar","50"
"sp__GetSideNavProdCategoryByID","9","INOUT","@LastModifiedDate","datetime","0"
"sp__GetSideNavProdCategoryByID","12","INOUT","@MarkedForDeletion","bit","0"
"sp__GetSideNavProdCategoryByID","13","INOUT","@FmtMarkedForDeletion","varchar","3"
"sp__GetSideNavProdCategoryByID","14","INOUT","@JobID","int","0"
"sp__GetSideNavProdCategoryByID","15","INOUT","@JobName","varchar","100"
"sp__GetSideNavProdCategoryByID","16","INOUT","@JobDescription","varchar","500"
"sp__UpdateSideNavItem","1","IN","@ID","int","0"
"sp__UpdateSideNavItem","3","IN","@Title","varchar","100"
"sp__UpdateSideNavItem","4","IN","@Description","varchar","500"
"sp__UpdateSideNavItem","5","IN","@URL","varchar","500"
"sp__UpdateSideNavItem","6","IN","@BusUnitID","int","0"
"sp__UpdateSideNavItem","7","IN","@MarketID","int","0"
"sp__UpdateSideNavItem","8","IN","@PageID","int","0"
"sp__UpdateSideNavItem","11","IN","@SectionID","int","0"
"sp__UpdateSideNavItem","12","IN","@PublishDate","datetime","0"
"sp__UpdateSideNavItem","14","IN","@MarkedForDeletion","bit","0"
"sp__UpdateSideNavItem","15","IN","@WorkflowStatus","varchar","50"
"sp__UpdateSideNavItem","16","IN","@JobID","int","0"
"sp__UpdateSideNavItem","17","IN","@UserID","int","0"
"sp__UpdateSideNavProdCategory","1","IN","@BusUnitID","int","0"
"sp__UpdateSideNavProdCategory","2","IN","@MarketID","int","0"
"sp__UpdateSideNavProdCategory","3","IN","@ProdCatID","int","0"
"sp__UpdateSideNavProdCategory","4","IN","@CategoryName","varchar","50"
"sp__UpdateSideNavProdCategory","5","IN","@CategoryOrder","int","0"
"sp__UpdateSideNavProdCategory","6","IN","@PublishDate","datetime","0"
"sp__UpdateSideNavProdCategory","7","IN","@ExpireDate","datetime","0"
"sp__UpdateSideNavProdCategory","8","IN","@MarkedForDeletion","bit","0"
"sp__UpdateSideNavProdCategory","9","IN","@WorkflowStatus","varchar","50"
"sp__UpdateSideNavProdCategory","10","IN","@JobID","int","0"
"sp__UpdateSideNavProdCategory","11","IN","@UserID","int","0"
"sp_NLT_PetrofermDataScripts","2","IN","@userId","int","0"
"sp__GetAppUserByUserName","1","IN","@UserName","varchar","256"
"sp__IsDuplicateUrlFriendlyName","1","IN","@FriendlyURL","varchar","500"
"sp__IsDuplicateUrlFriendlyName","2","IN","@PageID","int","0"
"sp__IsDuplicateUrlFriendlyName","3","INOUT","@IsDuplicate","bit","0"
"sp__AddDocumentModule","1","IN","@DocumentID","int","0"
"sp__AddDocumentModule","2","IN","@LinkText","varchar","100"
"sp__AddDocumentModule","3","IN","@SectionID","int","0"
"sp__AddDocumentModule","4","IN","@PageID","int","0"
"sp__AddDocumentModule","5","IN","@PublishDate","datetime","0"
"sp__AddDocumentModule","6","IN","@ExpireDate","datetime","0"
"sp__AddDocumentModule","7","IN","@MarkedForDeletion","bit","0"
"sp__AddDocumentModule","8","IN","@WorkflowStatus","varchar","50"
"sp__AddDocumentModule","9","IN","@JobID","int","0"
"sp__AddDocumentModule","10","IN","@UserID","int","0"
"sp__AddDocumentModule","11","INOUT","@DocumentModuleRelnID","int","0"
"sp__AddDocumentModule","12","INOUT","@PageModuleRelnID","int","0"
"sp__DeleteDocumentModule","1","IN","@DocumentModuleID","int","0"
"sp__DeleteDocumentModule","2","IN","@UserID","int","0"
"sp__DeleteDocumentModule","3","IN","@JobID","int","0"
"sp__DeleteDocumentModule","4","IN","@WorkflowStatus","varchar","50"
"sp__GetDocumentModuleByModId","1","IN","@ModId","int","0"
"sp__AddBusinessUnit","1","IN","@BusName","varchar","300"
"sp__AddBusinessUnit","2","IN","@DocAuth","bit","0"
"sp__AddBusinessUnit","3","IN","@PublishDate","datetime","0"
"sp__AddBusinessUnit","4","IN","@ExpireDate","datetime","0"
"sp__AddBusinessUnit","5","IN","@WorkflowStatus","varchar","50"
"sp__AddBusinessUnit","6","IN","@UserID","int","0"
"sp__AddBusinessUnit","7","IN","@ActiveFlag","bit","0"
"sp__AddBusinessUnit","8","IN","@MarkedForDeletion","bit","0"
"sp__AddBusinessUnit","9","IN","@JobID","int","0"
"sp__AddBusinessUnit","10","IN","@IsPetro","bit","0"
"sp__AddBusinessUnit","11","IN","@LogoImagePath","varchar","500"
"sp__AddBusinessUnit","12","IN","@LogoAltText","varchar","200"
"sp__AddBusinessUnit","13","IN","@LogoHeight","int","0"
"sp__AddBusinessUnit","14","IN","@LogoWidth","int","0"
"sp__AddBusinessUnit","15","INOUT","@LogoID","int","0"
"sp__AddBusinessUnit","16","INOUT","@BusUnitID","int","0"
"sp__AddDeploymentJob","1","IN","@UserID","int","0"
"sp__AddDeploymentJob","2","IN","@JobName","varchar","100"
"sp__AddDeploymentJob","3","IN","@JobDescription","varchar","500"
"sp__AddDeploymentJob","4","IN","@WorkflowStatus","varchar","50"
"sp__AddDeploymentJob","5","IN","@DeploymentDate","datetime","0"
"sp__AddDeploymentJob","6","IN","@ApprovedBy","int","0"
"sp__AddDeploymentJob","7","IN","@DeployedBy","int","0"
"sp__AddDeploymentJob","8","IN","@ReviewBy","int","0"
"sp__AddDeploymentJob","9","INOUT","@JobId","int","0"
"sp__AddDocumentModuleForPage","1","IN","@PageId","int","0"
"sp__AddDocumentModuleForPage","2","IN","@DocumentId","int","0"
"sp__AddDocumentModuleForPage","3","IN","@SectionId","int","0"
"sp__AddMarket","1","IN","@UserID","int","0"
"sp__AddMarket","2","IN","@JobID","int","0"
"sp__AddMarket","3","IN","@BusID","int","0"
"sp__AddMarket","4","IN","@MktName","varchar","300"
"sp__AddMarket","5","IN","@MktOrder","int","0"
"sp__AddMarket","6","IN","@PublishDate","datetime","0"
"sp__AddMarket","7","IN","@ExpireDate","datetime","0"
"sp__AddMarket","8","IN","@WorkflowStatus","varchar","50"
"sp__AddMarket","9","IN","@ActiveFlag","bit","0"
"sp__AddMarket","10","IN","@MarkedForDeletion","bit","0"
"sp__AddMarket","11","INOUT","@MktID","int","0"
"sp__AddProductAttribute","6","IN","@ExpireDate","datetime","0"
"sp__AddProductAttribute","7","IN","@MarkedForDeletion","bit","0"
"sp__AddProductAttribute","8","IN","@WorkflowStatus","varchar","50"
"sp__AddProductAttribute","10","IN","@UserID","int","0"
"sp__GetProductsByBU","2","IN","@LiveMode","int","0"
"sp__GetProductsByJobId","1","IN","@JobId","int","0"
"sp__AddURLRewritePath","1","IN","@PageID","int","0"
"sp__AddURLRewritePath","3","IN","@PublishDate","datetime","0"
"sp__AddSideNavProdCategory","4","IN","@CategoryOrder","int","0"
"sp__AddSideNavProdCategory","5","IN","@PublishDate","datetime","0"
"sp__AddSideNavProdCategory","6","IN","@ExpireDate","datetime","0"
"sp__AddSideNavItem","1","IN","@UserID","int","0"
"sp__AddSideNavItem","2","IN","@ProdCatID","int","0"
"sp__AddSideNavItem","3","IN","@Title","varchar","100"
"sp__AddSideNavItem","4","IN","@Description","varchar","500"
"sp__AddSideNavItem","5","IN","@URL","varchar","500"
"sp__AddSideNavItem","6","IN","@BusUnitID","int","0"
"sp__AddSideNavItem","7","IN","@MarketID","int","0"
"sp__AddSideNavItem","8","IN","@PageID","int","0"
"sp__AddSideNavItem","9","IN","@ItemOrder","int","0"
"sp__AddSideNavItem","10","IN","@Parent","int","0"
"sp__AddSideNavItem","11","IN","@SectionID","int","0"
"sp__AddSideNavItem","12","IN","@PublishDate","datetime","0"
"sp__AddSideNavItem","13","IN","@ExpireDate","datetime","0"
"sp__AddSideNavItem","14","IN","@WorkflowStatus","varchar","50"
"sp__AddSideNavItem","15","IN","@ActiveFlag","bit","0"
"sp__AddSideNavItem","16","IN","@MarkedForDeletion","bit","0"
"sp__AddSideNavItem","17","IN","@JobID","int","0"
"sp__AddSideNavItem","18","INOUT","@ID","int","0"
"sp__AddSideNavProdCategory","7","IN","@MarkedForDeletion","bit","0"
"sp__AddSideNavProdCategory","8","IN","@WorkflowStatus","varchar","50"
"sp__AddSideNavProdCategory","9","IN","@JobID","int","0"
"sp__AddSideNavProdCategory","11","INOUT","@ProdCatID","int","0"
"sp__DeleteSideNavProdCategory","1","IN","@ProdCatID","int","0"
"sp__GetSideNavByID","1","IN","@ID","int","0"
"sp__GetSideNavByID","2","IN","@LiveMode","bit","0"
"sp__AddWebPage","1","IN","@BusUnitID","int","0"
"sp__AddWebPage","2","IN","@MarketID","int","0"
"sp__AddWebPage","3","IN","@PageType","varchar","50"
"sp__AddWebPage","4","IN","@PageTitle","varchar","100"
"sp__AddWebPage","5","IN","@MetaKeywords","varchar","1500"
"sp__AddWebPage","6","IN","@MetaDescription","varchar","500"
"sp__AddWebPage","7","IN","@PassthroughURL","varchar","300"
"sp__AddWebPage","8","IN","@IsRequired","bit","0"
"sp__AddWebPage","9","IN","@IsReadOnly","bit","0"
"sp__AddWebPage","10","IN","@PublishDate","datetime","0"
"sp__AddWebPage","11","IN","@ExpireDate","datetime","0"
"sp__AddWebPage","12","IN","@WorkflowStatus","varchar","50"
"sp__AddWebPage","13","IN","@UserID","int","0"
"sp__AddWebPage","14","IN","@ActiveFlag","bit","0"
"sp__AddWebPage","15","IN","@MarkedForDeletion","bit","0"
"sp__AddWebPage","16","IN","@JobID","int","0"
"sp__AddWebPage","17","INOUT","@PageID","int","0"
"sp__DeleteBusinessUnit","1","IN","@BusUnitID","int","0"
"sp__DeleteBusinessUnit","2","IN","@UserID","int","0"
"sp__DeleteBusinessUnit","3","IN","@JobID","int","0"
"sp__DeleteBusinessUnit","4","IN","@WorkflowStatus","varchar","50"
"sp__DeleteDeploymentJob","1","IN","@UserID","int","0"
"sp__DeleteDeploymentJob","2","IN","@JobId","int","0"
"sp__DeleteMarket","1","IN","@MarketID","int","0"
"sp__DeleteMarket","2","IN","@UserID","int","0"
"sp__DeleteMarket","3","IN","@JobId","int","0"
"sp__DeleteMarket","4","IN","@WorkflowStatus","varchar","50"
"sp__DeleteMarket","5","IN","@MarkedForDeletion","bit","0"
"sp__DeleteProductAttribute","1","IN","@AttribTypeID","int","0"
"sp__DeleteProductAttribute","2","IN","@UserID","int","0"
"sp__DeleteProductAttribute","3","IN","@JobID","int","0"
"sp__DeleteProductAttribute","4","IN","@WorkflowStatus","varchar","50"
"sp__DeleteSideNavItem","1","IN","@ID","int","0"
"sp__DeleteSideNavItem","2","IN","@JobID","int","0"
"sp__DeleteSideNavItem","3","IN","@UserID","int","0"
"sp__GetSideNavByPageID","1","IN","@PageID","int","0"
"sp__GetSideNavByPageID","2","IN","@LiveMode","bit","0"
"sp__GetSideNavProdCategoryByID","2","INOUT","@BusUnitID","int","0"
"sp__GetActiveBusinessUnitsByUserID","1","IN","@UserID","int","0"
"sp__GetBusinessUnitByID","1","IN","@BusUnitID","int","0"
"sp__GetBusinessUnitByID","2","IN","@LiveMode","bit","0"
"sp__GetContentModule","1","IN","@PageId","int","0"
"sp__GetContentModule","2","IN","@LiveMode","bit","0"
"sp__GetDeploymentJobsByStatus","1","IN","@WorkflowStatus","varchar","50"
"sp__GetDocumentByID","1","IN","@DocID","int","0"
"sp__GetDocumentByID","2","IN","@UserID","int","0"
"sp__GetDocumentByID","3","IN","@URL","varchar","500"
"sp__GetDocumentByID","4","IN","@LiveMode","bit","0"
"sp__GetHeaderSideContentModule","1","IN","@PageId","int","0"
"sp__GetHeaderSideContentModule","2","IN","@LiveMode","bit","0"
"sp__GetImageModule","1","IN","@PageId","int","0"
"sp__GetImageModule","2","IN","@LiveMode","bit","0"
"sp__GetMarketsByBU","1","IN","@BusUnitID","int","0"
"sp__GetMarketsByBU","2","IN","@LiveMode","bit","0"
"sp__GetPageListByJobId","1","IN","@JobId","int","0"
"sp__GetProductAttributeByID","1","IN","@AttribTypeID","int","0"
"sp__GetProductAttributeByID","2","INOUT","@BusUnitID","int","0"
"sp__GetProductAttributeByID","3","INOUT","@AttribName","varchar","100"
"sp__GetProductAttributeByID","4","INOUT","@AllowMultiple","bit","0"
"sp__GetProductAttributeByID","5","INOUT","@FmtAllowMultiple","varchar","3"
"sp__GetProductAttributeByID","6","INOUT","@IsReadOnly","bit","0"
"sp__GetProductAttributeByID","7","INOUT","@FmtIsReadOnly","varchar","3"
"sp__GetProductAttributeByID","8","INOUT","@PublishDate","datetime","0"
"sp__GetProductAttributeByID","9","INOUT","@ExpireDate","datetime","0"
"sp__GetProductAttributeByID","10","INOUT","@WorkflowStatus","varchar","50"
"sp__GetProductAttributeByID","11","INOUT","@LastModifiedDate","datetime","0"
"sp__GetProductAttributeByID","12","INOUT","@LastModifiedBy","int","0"
"sp__GetProductAttributeByID","13","INOUT","@LastModifiedByName","varchar","150"
"sp__GetProductAttributeByID","14","INOUT","@FmtMarkedForDeletion","varchar","3"
"sp__GetProductAttributeByID","15","INOUT","@JobID","int","0"
"sp__GetProductAttributeByID","16","INOUT","@JobName","varchar","100"
"sp__GetProductAttributeByID","17","INOUT","@JobDescription","varchar","500"
"sp__GetProductAttributesByBU","1","IN","@BusUnitID","int","0"
"sp__GetProductAttributesByBU","2","IN","@LiveMode","bit","0"
"sp__GetProductDocumentsByGridID","1","IN","@GridID","int","0"
"sp__GetProductDocumentsByGridID","2","IN","@LiveMode","bit","0"
"sp__GetProductGridColumns","1","IN","@gridID","int","0"
"sp__GetProductGridColumns","2","IN","@LiveMode","bit","0"
"sp__GetProductGridModule","1","IN","@PageId","int","0"
"sp__GetProductGridModule","2","IN","@LiveMode","bit","0"
"sp__GetProductGridRows","1","IN","@gridID","int","0"
"sp__GetProductGridRows","2","IN","@LiveMode","bit","0"
"sp__AddSideNavProdCategory","10","IN","@UserID","int","0"
"sp__GetSideNav","1","IN","@BusId","int","0"
"sp__GetSideNav","2","IN","@LiveMode","bit","0"
"sp__DeleteSideNavProdCategory","2","IN","@UserID","int","0"
"sp__DeleteSideNavProdCategory","3","IN","@JobID","int","0"
"sp__DeletePage","1","IN","@PageID","int","0"
"sp__DeletePage","2","IN","@UserID","int","0"
"sp__LogError","1","IN","@SourceFileName","varchar","255"
"sp__LogError","2","IN","@SourceMethodName","varchar","255"
"sp__LogError","3","IN","@Message","text","2147483647"
"sp__LogError","4","IN","@StackTrace","text","2147483647"
"sp__LogError","5","IN","@Source","text","2147483647"
"sp__LogError","6","IN","@UserName","varchar","100"
"sp__LogError","7","INOUT","@ErrorID","int","0"
"sp__UpdateBusinessUnit","1","IN","@BusUnitID","int","0"
"sp__UpdateBusinessUnit","2","IN","@BusName","varchar","300"
"sp__UpdateBusinessUnit","3","IN","@DocAuth","bit","0"
"sp__UpdateBusinessUnit","4","IN","@PublishDate","datetime","0"
"sp__UpdateBusinessUnit","5","IN","@ExpireDate","datetime","0"
"sp__UpdateBusinessUnit","6","IN","@WorkflowStatus","varchar","50"
"sp__UpdateBusinessUnit","7","IN","@UserID","int","0"
"sp__UpdateBusinessUnit","8","IN","@ActiveFlag","bit","0"
"sp__UpdateBusinessUnit","9","IN","@JobID","int","0"
"sp__UpdateBusinessUnit","10","IN","@LogoID","int","0"
"sp__UpdateBusinessUnit","11","IN","@LogoImagePath","varchar","500"
"sp__UpdateBusinessUnit","12","IN","@LogoAltText","varchar","200"
"sp__UpdateBusinessUnit","13","IN","@LogoHeight","int","0"
"sp__UpdateBusinessUnit","14","IN","@LogoWidth","int","0"
"sp__UpdateDeploymentJob","1","IN","@UserID","int","0"
"sp__UpdateDeploymentJob","2","IN","@JobId","int","0"
"sp__UpdateDeploymentJob","3","IN","@JobDescription","varchar","500"
"sp__UpdateDeploymentJob","4","IN","@WorkflowStatus","varchar","50"
"sp__UpdateDeploymentJob","5","IN","@DeploymentDate","datetime","0"
"sp__UpdateDeploymentJob","6","IN","@ApprovedBy","int","0"
"sp__UpdateDeploymentJob","7","IN","@DeployedBy","int","0"
"sp__UpdateDeploymentJob","8","IN","@ReviewBy","int","0"
"sp__UpdateDeploymentJob","9","IN","@ActiveFlag","bit","0"
"sp__UpdateJobStatus","1","IN","@UserID","int","0"
"sp__UpdateJobStatus","2","IN","@JobId","int","0"
"sp__UpdateJobStatus","3","IN","@WorkflowStatus","varchar","50"
"sp__UpdateMarket","1","IN","@MktID","int","0"
"sp__UpdateMarket","2","IN","@MktName","varchar","100"
"sp__UpdateMarket","3","IN","@MktOrder","int","0"
"sp__UpdateMarket","4","IN","@PublishDate","datetime","0"
"sp__UpdateMarket","5","IN","@ExpireDate","datetime","0"
"sp__UpdateMarket","6","IN","@WorkflowStatus","varchar","50"
"sp__UpdateMarket","7","IN","@UserID","int","0"
"sp__UpdateMarket","8","IN","@ActiveFlag","bit","0"
"sp__UpdateMarket","9","IN","@JobID","int","0"
"sp__UpdateProductAttribute","1","IN","@UserID","int","0"
"sp__UpdateProductAttribute","2","IN","@BusUnitID","int","0"
"sp__UpdateProductAttribute","3","IN","@AttribTypeID","int","0"
"sp__UpdateProductAttribute","4","IN","@AttribName","varchar","100"
"sp__UpdateProductAttribute","5","IN","@AllowMultiple","bit","0"
"sp__GetSideNavProdCategoryByID","5","INOUT","@CategoryOrder","int","0"
"sp__GetSideNavProdCategoryByID","7","INOUT","@ExpireDate","datetime","0"
"sp__GetSideNavProdCategoryByID","10","INOUT","@LastModifiedBy","int","0"
"sp__GetSideNavProdCategoryByID","11","INOUT","@LastModifiedByName","varchar","150"
"sp__UpdateSideNavItem","2","IN","@ProdCatID","int","0"
"sp__UpdateSideNavItem","9","IN","@ItemOrder","int","0"
"sp__UpdateSideNavItem","10","IN","@Parent","int","0"
"sp__UpdateSideNavItem","13","IN","@ExpireDate","datetime","0"
"sp_NLT_AddCommonColumnsToTables","1","IN","@execute","bit","0"
"sp_NLT_BuildPetrofermFromScratchOnlyPetroData","1","IN","@are_you_sure","bit","0"
"sp_NLT_BuildPetrofermFromScratchOnlyPetroData","2","IN","@uid","int","0"
"sp_NLT_FindProcsContaining","1","IN","@search","varchar","100"
"sp_NLT_GenericProcWithCursor","1","IN","@parameters_here1","int","0"
"sp_NLT_GenericProcWithCursor","2","IN","@parameters_here2","int","0"
"sp_NLT_GetDeploymentRecords","1","IN","@job","varchar","50"
"sp_NLT_GetDeploymentRecords","2","IN","@deployedBy","varchar","100"
"sp_NLT_RemoveDefaultFacility","1","IN","@UserId","int","0"
"sp_NLT_TruncateDataFromNonLiveTables","1","IN","@are_you_sure","bit","0"
"sp_UTIL_BuildPetrofermLiveTables","1","IN","@remove","bit","0"
"sp_UTIL_DeployCMSContent","1","IN","@UserID","int","0"
"sp_UTIL_DeployCMSContent","2","IN","@JobID","int","0"
"sp_UTIL_RebuildLiveWebsiteWithData","1","IN","@are_you_sure","bit","0"
"sp_UTIL_RebuildLiveWebsiteWithData","2","IN","@UserID","int","0"
"sp_UTIL_RebuildLiveWebsiteWithData","3","IN","@JobName","varchar","100"
"sp_UTIL_RebuildLiveWebsiteWithData","4","IN","@JobDescription","varchar","500"
"sp_UTIL_RebuildLiveWebsiteWithData","5","IN","@DeploymentDate","datetime","0"
"sp_UTIL_RebuildLiveWebsiteWithData","6","IN","@WorkflowStatus","varchar","50"
"sp_UTIL_UpdateCMSContentFromLiveSiteByJobID","1","IN","@UserID","int","0"
"sp_UTIL_UpdateCMSContentFromLiveSiteByJobID","2","IN","@JobID","int","0"
"sp_UTIL_UpdateSideNavOrder","1","IN","@BusId","int","0"
"sp_UTIL_UpdateSideNavOrder","2","IN","@MktId","int","0"
"sp_UTIL_UpdateSideNavOrder","3","IN","@ProdCatId","int","0"
"sp_UTIL_UpdateSideNavOrder","4","IN","@SectionId","int","0"
"sp_UTIL_UpdateSideNavOrder","5","IN","@ID","int","0"
"sp_UTIL_UpdateSideNavOrder","6","IN","@ItemOrder","int","0"
"sp__GetMarketByID","3","INOUT","@BusUnitID","int","0"
"sp__GetMarketByID","4","INOUT","@MarketName","varchar","100"
"sp__GetMarketByID","6","INOUT","@WorkflowStatus","varchar","50"
"sp__GetMarketByID","7","INOUT","@MarkedForDeletion","bit","0"
"sp__GetMarketByID","8","INOUT","@FmtMarkedForDeletion","varchar","3"
"sp__GetMarketByID","9","INOUT","@PublishDate","datetime","0"
"sp__GetMarketByID","10","INOUT","@ExpireDate","datetime","0"
"sp__GetMarketByID","11","INOUT","@LastModifiedDate","datetime","0"
"sp__GetMarketByID","12","INOUT","@LastModifiedBy","int","0"
"sp__GetMarketByID","13","INOUT","@LastModifiedByName","varchar","150"
"sp_NLT_RollbackToCMSFromLiveSite_ProofOfConcept","1","IN","@are_you_sure","bit","0"
"sp__AddProductAttribute","4","IN","@IsReadOnly","bit","0"
"sp__AddProductAttribute","5","IN","@PublishDate","datetime","0"
"sp__AddProductAttribute","9","IN","@JobID","int","0"
"sp__GetProductsByBU","1","IN","@BusUnitID","int","0"
"sp__AddURLRewritePath","4","IN","@ExpireDate","datetime","0"
"sp__AddURLRewritePath","5","IN","@WorkflowStatus","varchar","50"
"sp__AddURLRewritePath","6","IN","@UserID","int","0"
"sp__AddURLRewritePath","7","IN","@MarkedForDeletion","bit","0"
"sp__AddURLRewritePath","8","IN","@JobID","int","0"
"sp__AddURLRewritePath","9","IN","@IsPetro","bit","0"
"sp__AddURLRewritePath","10","INOUT","@UrlRewriteID","int","0"
"sp_NLT_RebuildPetroWebsiteAndDeployAsIsContentToLIVE","1","IN","@UserID","int","0"
"sp__GetPageByID","1","IN","@PageId","int","0"
"sp__GetImageModuleByModId","1","IN","@ModId","int","0"
"sp__GetImageModuleByModId","2","IN","@LiveMode","bit","0"
"sp__AddProduct","1","IN","@BusUnitID","int","0"
"sp__AddProduct","2","IN","@ProductName","varchar","200"
"sp__AddProduct","4","IN","@ProductBlurb","varchar","2000"
"sp__AddProduct","5","IN","@ProductApprovals","varchar","2000"
"sp__AddProduct","7","IN","@ExpireDate","datetime","0"
"sp__AddProduct","8","IN","@MarkedForDeletion","bit","0"
"sp__AddProduct","9","IN","@WorkflowStatus","varchar","50"
"sp__AddProduct","10","IN","@JobID","int","0"
"sp__AddProduct","11","IN","@UserID","int","0"
"sp__AddProduct","12","INOUT","@ProductID","int","0"
"sp__AddProductAttributeReln","1","IN","@ProductID","int","0"
"sp__AddProductAttributeReln","2","IN","@AttribID","int","0"
"sp__AddProductAttributeReln","3","IN","@AttribValue","varchar","500"
"sp__AddProductAttributeReln","4","IN","@PublishDate","datetime","0"
"sp__AddProductAttributeReln","5","IN","@ExpireDate","datetime","0"
"sp__AddProductAttributeReln","6","IN","@MarkedForDeletion","bit","0"
"sp__AddProductAttributeReln","7","IN","@WorkflowStatus","varchar","50"
"sp__AddProductAttributeReln","9","IN","@UserID","int","0"
"sp__DeleteProductAttributeReln","1","IN","@ProdAttribRelnID","int","0"
"sp__DeleteProductAttributeReln","3","IN","@JobID","int","0"
"sp__GetProductAttributeRelnByID","1","IN","@ProdAttribRelnID","int","0"
"sp__GetProductAttributeRelnByID","2","INOUT","@AttribValue","varchar","500"
"sp__GetProductAttributeRelnByID","3","INOUT","@AttribID","int","0"
"sp__GetProductAttributeRelnByID","4","INOUT","@AttribName","varchar","100"
"sp__GetProductAttributeRelnByID","6","INOUT","@ExpireDate","datetime","0"
"sp__GetProductAttributeRelnByID","7","INOUT","@WorkflowStatus","varchar","50"
"sp__GetProductAttributeRelnByID","9","INOUT","@LastModifiedBy","int","0"
"sp__GetBusinessUnitsByJobID","1","IN","@JobID","int","0"
"sp__GetMarketsByJobID","1","IN","@JobID","int","0"
"sp__GetProductAttributesByJobID","1","IN","@JobID","int","0"
"sp__GetSearchAttributesByJobID","1","IN","@JobID","int","0"
"sp__GetDocumentModuleByModId","2","IN","@LiveMode","bit","0"
"sp__UpdateDocumentModule","1","IN","@DocumentModuleRelnID","int","0"
"sp__UpdateDocumentModule","2","IN","@DocumentID","int","0"
"sp__UpdateDocumentModule","3","IN","@LinkText","varchar","100"
"sp__UpdateDocumentModule","4","IN","@SectionID","int","0"
"sp__UpdateDocumentModule","5","IN","@PageID","int","0"
"sp__UpdateDocumentModule","6","IN","@PublishDate","datetime","0"
"sp__UpdateDocumentModule","7","IN","@ExpireDate","datetime","0"
"sp__UpdateDocumentModule","8","IN","@MarkedForDeletion","bit","0"
"sp__UpdateDocumentModule","9","IN","@WorkflowStatus","varchar","50"
"sp__UpdateDocumentModule","10","IN","@JobID","int","0"
"sp__UpdateDocumentModule","11","IN","@UserID","int","0"
"sp__GetNavImagesForPetroferm","1","IN","@LiveMode","bit","0"
"sp__AddBusinessAppUser","1","IN","@AppUserID","int","0"
"sp__AddBusinessAppUser","2","IN","@BusUnitIDList","varchar","100"
"sp__AddBusinessAppUser","3","IN","@IsDefault","bit","0"
"sp__AddBusinessAppUser","4","IN","@ActiveFlag","bit","0"
"sp__AddBusinessAppUser","5","IN","@LastModBy","int","0"
"sp__AddBusinessAppUser","6","INOUT","@BusAppUserID","int","0"
"sp__AddUser","1","IN","@LastModBy","int","0"
"sp__AddUser","2","IN","@UserId","uniqueidentifier","0"
"sp__AddUser","3","INOUT","@AppUserID","int","0"
"sp__DeleteUser","1","IN","@AppUserID","int","0"
"sp__GetAppUserBusinessUnits","1","IN","@AppUserID","int","0"
"sp__UpdateAppUserDefaultBU","1","IN","@AppUserID","int","0"
"sp__UpdateAppUserDefaultBU","2","IN","@BusUnitID","int","0"
"sp__UpdateAppUserDefaultBU","3","IN","@IsDefault","bit","0"
"sp__UpdateAppUserDefaultBU","4","IN","@LastModBy","int","0"
"sp__GetFriendlyUrlByDomain","1","IN","@DomainName","varchar","200"
"sp__GetFriendlyUrlByDomain","2","INOUT","@UrlFriendlyName","varchar","500"
"sp__ApproveUserByID","1","IN","@UserId","uniqueidentifier","0"
"sp__ApproveUserByID","2","IN","@IsApproved","bit","0"
"sp__GetAppUserBUDefault","1","IN","@UserID","uniqueidentifier","0"
"sp__GetAppUserBUDefault","2","INOUT","@BusUnitID","int","0"
"sp__UpdateAppUser","1","IN","@UserId","uniqueidentifier","0"
"sp__UpdateAppUser","2","IN","@FirstName","varchar","50"
"sp__UpdateAppUser","3","IN","@LastName","varchar","100"
"sp__UpdateAppUser","4","IN","@LastModBy","int","0"
"sp__DeleteRegistrant","1","IN","@UserId","uniqueidentifier","0"
"sp__GetProductApprovalsByGridID","1","IN","@GridID","int","0"
"sp__GetProductApprovalsByGridID","2","IN","@LiveMode","bit","0"
"sp__DeletePage","3","IN","@JobID","int","0"
"sp__DeletePage","4","IN","@WorkflowStatus","varchar","50"
"sp_NLT_GetJobContentRecords","1","IN","@jobid","int","0"
"sp_NLT_PageModuleDeploymentQuickFix","1","IN","@jobid","int","0"
"sp_NLT_PageModuleDeploymentQuickFix","2","IN","@pm_relnId","int","0"
"sp_NLT_PageModuleDeploymentQuickFix","3","IN","@contentid","int","0"
"sp__GetPageModulesByJobId","1","IN","@JobID","int","0"
"sp__GetImageModuleByPageAndType","1","IN","@PageId","int","0"
"sp__GetImageModuleByPageAndType","2","IN","@ImageTypes","varchar","100"
"sp__GetImageModuleByPageAndType","3","IN","@LiveMode","bit","0"
"sp__GetImages","1","IN","@ExcludeSpacerGif","bit","0"
"sp__AddDomainMapping","1","IN","@DomainName","varchar","200"
"sp__AddDomainMapping","2","IN","@Website","varchar","100"
"sp__AddDomainMapping","3","IN","@PageID","int","0"
"sp__AddDomainMapping","4","IN","@PublishDate","datetime","0"
"sp__AddDomainMapping","5","IN","@ExpirationDate","datetime","0"
"sp__AddDomainMapping","6","IN","@ActiveFlag","bit","0"
"sp__AddDomainMapping","7","IN","@LastModifiedBy","int","0"
"sp__AddDomainMapping","8","INOUT","@ID","int","0"
"sp__GetPageModulesByMarketForCopy","1","IN","@MarketID","int","0"
"sp__AddModuleCopy","1","IN","@PageID","int","0"
"sp__AddModuleCopy","2","IN","@ModuleID","int","0"
"sp__AddModuleCopy","3","IN","@ModuleType","varchar","50"
"sp__AddModuleCopy","4","IN","@PublishDate","datetime","0"
"sp__AddModuleCopy","5","IN","@ExpireDate","datetime","0"
"sp__AddModuleCopy","6","IN","@MarkedForDeletion","bit","0"
"sp__AddModuleCopy","7","IN","@WorkflowStatus","varchar","50"
"sp__AddModuleCopy","8","IN","@JobID","int","0"
"sp__AddModuleCopy","9","IN","@UserID","int","0"
"sp_UTIL_CreateBasicMembership","1","IN","@userName","nvarchar","256"
"sp_UTIL_CreateBasicMembership","2","INOUT","@applicationId","uniqueidentifier","0"
"sp_UTIL_CreateBasicMembership","3","INOUT","@uid","int","0"
"sp_UTIL_DeleteAllMembershipInfo","1","IN","@are_you_sure","bit","0"
"sp__AddModuleCopy","10","INOUT","@PageModuleRelnID","int","0"
"sp__GetSideNavOrderList","1","IN","@BusId","int","0"
"sp__GetSideNavOrderList","2","IN","@MktId","int","0"
"sp__GetSideNavOrderList","3","IN","@SectionId","int","0"
"sp__GetSideNavOrderList","4","IN","@ProdCatId","int","0"
"sp__GetSideNavOrderList","5","IN","@AddPlusOne","bit","0"
