"UrlRewriteID","PageID","UrlFriendlyName","PublishDate","ExpirationDate","WorkflowStatus","LastModifiedDate","LastModifiedBy","ActiveFlag","MarkedForDeletion","DeploymentJobId"
"1","1","petroferm.welcome-to-petroferm-inc.aspx","2007-03-18 00:00:00","2037-03-18 00:00:00","LIVE","2007-03-18 21:51:28","1900-01-02 00:00:00","1","0","0"
"2","2","petroferm.about-petroferm-inc.aspx","2007-03-18 00:00:00","2037-03-18 00:00:00","LIVE","2007-03-18 21:51:28","1900-01-02 00:00:00","1","0","0"
"3","3","petroferm.manufacturing-capabilities.aspx","2007-03-18 00:00:00","2037-03-18 00:00:00","LIVE","2007-03-18 21:51:28","1900-01-02 00:00:00","1","0","0"
"4","4","petroferm.company-history.aspx","2007-03-18 00:00:00","2037-03-18 00:00:00","LIVE","2007-03-18 21:51:28","1900-01-02 00:00:00","1","0","0"
"5","5","petroferm.contact-us.aspx","2007-03-18 00:00:00","2037-03-18 00:00:00","LIVE","2007-03-18 21:51:28","1900-01-02 00:00:00","1","0","0"
"6","6","petroferm.request-information.aspx","2007-03-18 00:00:00","2037-03-18 00:00:00","LIVE","2007-03-18 21:51:28","1900-01-02 00:00:00","1","0","0"
"7","7","petroferm.provide-feedback.aspx","2007-03-18 00:00:00","2037-03-18 00:00:00","LIVE","2007-03-18 21:51:28","1900-01-02 00:00:00","1","0","0"
"8","8","petroferm.information-sample-requests.aspx","2007-03-18 00:00:00","2037-03-18 00:00:00","LIVE","2007-03-18 21:51:28","1900-01-02 00:00:00","1","0","0"
"9","9","petroferm.terms-and-conditions.aspx","2007-03-18 00:00:00","2037-03-18 00:00:00","LIVE","2007-03-18 21:51:28","1900-01-02 00:00:00","1","0","0"
"10","10","petroferm-cleaning-division.advanced-products-for-advanced-cleaning.aspx","2007-03-18 00:00:00","2037-03-18 00:00:00","LIVE","2007-03-18 21:51:28","1900-01-02 00:00:00","1","0","0"
"11","11","petroferm-cleaning-division.about-petroferm-inc.aspx","2007-03-18 00:00:00","2037-03-18 00:00:00","LIVE","2007-03-18 21:51:28","1900-01-02 00:00:00","1","0","0"
"12","12","petroferm-cleaning-division.manufacturing-capabilities.aspx","2007-03-18 00:00:00","2037-03-18 00:00:00","LIVE","2007-03-18 21:51:28","1900-01-02 00:00:00","1","0","0"
"13","13","petroferm-cleaning-division.company-history.aspx","2007-03-18 00:00:00","2037-03-18 00:00:00","LIVE","2007-03-18 21:51:28","1900-01-02 00:00:00","1","0","0"
"14","14","petroferm-cleaning-division.contact-us.aspx","2007-03-18 00:00:00","2037-03-18 00:00:00","LIVE","2007-03-18 21:51:28","1900-01-02 00:00:00","1","0","0"
"15","15","petroferm-cleaning-division.request-information.aspx","2007-03-18 00:00:00","2037-03-18 00:00:00","LIVE","2007-03-18 21:51:28","1900-01-02 00:00:00","1","0","0"
"16","16","petroferm-cleaning-division.provide-feedback.aspx","2007-03-18 00:00:00","2037-03-18 00:00:00","LIVE","2007-03-18 21:51:28","1900-01-02 00:00:00","1","0","0"
"17","17","petroferm-cleaning-division.information-sample-requests.aspx","2007-03-18 00:00:00","2037-03-18 00:00:00","LIVE","2007-03-18 21:51:28","1900-01-02 00:00:00","1","0","0"
"18","18","petroferm-cleaning-division.electronics-market.electronics-cleaning.aspx","2007-03-18 00:00:00","2037-03-18 00:00:00","LIVE","2007-03-18 21:51:28","1900-01-02 00:00:00","1","0","0"
"19","19","petroferm-cleaning-division.precision-cleaning-market.precision-and-industrial-cleaning.aspx","2007-03-18 00:00:00","2037-03-18 00:00:00","LIVE","2007-03-18 21:51:28","1900-01-02 00:00:00","1","0","0"
"20","20","petroferm-cleaning-division.asphalt-products-market.asphalt-products.aspx","2007-03-18 00:00:00","2037-03-18 00:00:00","LIVE","2007-03-18 21:51:28","1900-01-02 00:00:00","1","0","0"
"21","21","petroferm-cleaning-division.aerospace-airline-market.aerospace-airline.aspx","2007-03-18 00:00:00","2037-03-18 00:00:00","LIVE","2007-03-18 21:51:28","1900-01-02 00:00:00","1","0","0"
"22","22","petroferm-fuel-and-oil-division.fuels-division.aspx","2007-03-18 00:00:00","2037-03-18 00:00:00","LIVE","2007-03-18 21:51:28","1900-01-02 00:00:00","1","0","0"
"23","23","petroferm-fuel-and-oil-division.about-petroferm-inc.aspx","2007-03-18 00:00:00","2037-03-18 00:00:00","LIVE","2007-03-18 21:51:28","1900-01-02 00:00:00","1","0","0"
"24","24","petroferm-fuel-and-oil-division.manufacturing-capabilities.aspx","2007-03-18 00:00:00","2037-03-18 00:00:00","LIVE","2007-03-18 21:51:28","1900-01-02 00:00:00","1","0","0"
"25","25","petroferm-fuel-and-oil-division.company-history.aspx","2007-03-18 00:00:00","2037-03-18 00:00:00","LIVE","2007-03-18 21:51:28","1900-01-02 00:00:00","1","0","0"
"26","26","petroferm-fuel-and-oil-division.contact-us.aspx","2007-03-18 00:00:00","2037-03-18 00:00:00","LIVE","2007-03-18 21:51:28","1900-01-02 00:00:00","1","0","0"
"27","27","petroferm-fuel-and-oil-division.request-information.aspx","2007-03-18 00:00:00","2037-03-18 00:00:00","LIVE","2007-03-18 21:51:28","1900-01-02 00:00:00","1","0","0"
"28","28","petroferm-fuel-and-oil-division.provide-feedback.aspx","2007-03-18 00:00:00","2037-03-18 00:00:00","LIVE","2007-03-18 21:51:28","1900-01-02 00:00:00","1","0","0"
"29","29","petroferm-fuel-and-oil-division.information-sample-requests.aspx","2007-03-18 00:00:00","2037-03-18 00:00:00","LIVE","2007-03-18 21:51:28","1900-01-02 00:00:00","1","0","0"
"30","30","petroferm-fuel-and-oil-division.fuel-market.combustion-enhancement-technologies.aspx","2007-03-18 00:00:00","2037-03-18 00:00:00","LIVE","2007-03-18 21:51:28","1900-01-02 00:00:00","1","0","0"
"31","31","petroferm-fuel-and-oil-division.oilfield-market.oilfild-products.aspx","2007-03-18 00:00:00","2037-03-18 00:00:00","LIVE","2007-03-18 21:51:28","1900-01-02 00:00:00","1","0","0"
"32","32","lambent-technologies-corp.our-customers-first-choice.aspx","2007-03-18 00:00:00","2037-03-18 00:00:00","LIVE","2007-03-18 21:51:28","1900-01-02 00:00:00","1","0","0"
"33","33","lambent-technologies-corp.about-petroferm-inc.aspx","2007-03-18 00:00:00","2037-03-18 00:00:00","LIVE","2007-03-18 21:51:28","1900-01-02 00:00:00","1","0","0"
"34","34","lambent-technologies-corp.manufacturing-capabilities.aspx","2007-03-18 00:00:00","2037-03-18 00:00:00","LIVE","2007-03-18 21:51:28","1900-01-02 00:00:00","1","0","0"
"35","35","lambent-technologies-corp.company-history.aspx","2007-03-18 00:00:00","2037-03-18 00:00:00","LIVE","2007-03-18 21:51:28","1900-01-02 00:00:00","1","0","0"
"36","36","lambent-technologies-corp.contact-us.aspx","2007-03-18 00:00:00","2037-03-18 00:00:00","LIVE","2007-03-18 21:51:28","1900-01-02 00:00:00","1","0","0"
"37","37","lambent-technologies-corp.request-information.aspx","2007-03-18 00:00:00","2037-03-18 00:00:00","LIVE","2007-03-18 21:51:28","1900-01-02 00:00:00","1","0","0"
"38","38","lambent-technologies-corp.provide-feedback.aspx","2007-03-18 00:00:00","2037-03-18 00:00:00","LIVE","2007-03-18 21:51:28","1900-01-02 00:00:00","1","0","0"
"39","39","lambent-technologies-corp.information-sample-requests.aspx","2007-03-18 00:00:00","2037-03-18 00:00:00","LIVE","2007-03-18 21:51:28","1900-01-02 00:00:00","1","0","0"
"40","40","lambent-technologies-corp.food-market.food-and-food-processing.aspx","2007-03-18 00:00:00","2037-03-18 00:00:00","LIVE","2007-03-18 21:51:28","1900-01-02 00:00:00","1","0","0"
"41","41","lambent-technologies-corp.coatings-and-colorants-market.coatings-and-colorants.aspx","2007-03-18 00:00:00","2037-03-18 00:00:00","LIVE","2007-03-18 21:51:28","1900-01-02 00:00:00","1","0","0"
"42","42","lambent-technologies-corp.lubricants-and-metalworking-market.lubricants-and-metalworking.aspx","2007-03-18 00:00:00","2037-03-18 00:00:00","LIVE","2007-03-18 21:51:28","1900-01-02 00:00:00","1","0","0"
"43","43","lambent-technologies-corp.personal-care-and-pharmaceutical-market.personal-care-and-pharmaceuticals.aspx","2007-03-18 00:00:00","2037-03-18 00:00:00","LIVE","2007-03-18 21:51:28","1900-01-02 00:00:00","1","0","0"
"44","44","joseph-storey-and-co-ltd.welcome-to-joseph-storey-and-co-ltd.aspx","2007-03-18 00:00:00","2037-03-18 00:00:00","LIVE","2007-03-18 21:51:28","1900-01-02 00:00:00","1","0","0"
"45","45","joseph-storey-and-co-ltd.about-petroferm-inc.aspx","2007-03-18 00:00:00","2037-03-18 00:00:00","LIVE","2007-03-18 21:51:28","1900-01-02 00:00:00","1","0","0"
"46","46","joseph-storey-and-co-ltd.manufacturing-capabilities.aspx","2007-03-18 00:00:00","2037-03-18 00:00:00","LIVE","2007-03-18 21:51:28","1900-01-02 00:00:00","1","0","0"
"47","47","joseph-storey-and-co-ltd.company-history.aspx","2007-03-18 00:00:00","2037-03-18 00:00:00","LIVE","2007-03-18 21:51:28","1900-01-02 00:00:00","1","0","0"
"48","48","joseph-storey-and-co-ltd.contact-us.aspx","2007-03-18 00:00:00","2037-03-18 00:00:00","LIVE","2007-03-18 21:51:28","1900-01-02 00:00:00","1","0","0"
"49","49","joseph-storey-and-co-ltd.request-information.aspx","2007-03-18 00:00:00","2037-03-18 00:00:00","LIVE","2007-03-18 21:51:28","1900-01-02 00:00:00","1","0","0"
"50","50","joseph-storey-and-co-ltd.provide-feedback.aspx","2007-03-18 00:00:00","2037-03-18 00:00:00","LIVE","2007-03-18 21:51:28","1900-01-02 00:00:00","1","0","0"
"51","51","joseph-storey-and-co-ltd.information-sample-requests.aspx","2007-03-18 00:00:00","2037-03-18 00:00:00","LIVE","2007-03-18 21:51:28","1900-01-02 00:00:00","1","0","0"
"52","52","joseph-storey-and-co-ltd.flame-retardants-market.welcome-to-joseph-storey-and-co-ltd.aspx","2007-03-18 00:00:00","2037-03-18 00:00:00","LIVE","2007-03-18 21:51:28","1900-01-02 00:00:00","1","0","0"
"53","53","lambent-technologies-corp.worldwide-organizations.aspx","2007-03-18 00:00:00","2037-03-18 00:00:00","LIVE","2007-03-18 21:51:28","1900-01-02 00:00:00","1","0","0"
"54","54","joseph-storey-and-co-ltd.worldwide-organizations.aspx","2007-03-18 00:00:00","2037-03-18 00:00:00","LIVE","2007-03-18 21:51:28","1900-01-02 00:00:00","1","0","0"
"55","55","lambent-technologies-corp.lambent-technologies-synthetic-specialties-division---functional-silicones.aspx","2007-03-18 00:00:00","2037-03-18 00:00:00","LIVE","2007-03-18 21:51:28","1900-01-02 00:00:00","1","0","0"
"56","56","lambent-technologies-corp.welcome-to-lambent-technologies.aspx","2007-03-18 00:00:00","2037-03-18 00:00:00","LIVE","2007-03-18 21:51:28","1900-01-02 00:00:00","1","0","0"
