"ImageModuleID","ImageID","ImageType","ImageOrder","WelcomeImageID","WelcomeTitle","WelcomeLinkPageID","WelcomeLinkPageIDList","WelcomeLinkTextList","RelatedImageModuleID","PublishDate","ExpirationDate","WorkflowStatus","LastModifiedDate","LastModifiedBy","ActiveFlag","MarkedForDeletion","DeploymentJobID"
"1","2","HEADER IMAGE","1","","","","","","","2007-03-18 00:00:00","2037-03-18 00:00:00","LIVE","2007-03-18 21:51:30","1","1","0","0"
"2","4","HEADER IMAGE","1","","","","","","","2007-03-18 00:00:00","2037-03-18 00:00:00","LIVE","2007-03-18 21:51:30","1","1","0","0"
"3","5","NAVIGATION ON","1","","","","","","","2007-03-18 00:00:00","2037-03-18 00:00:00","LIVE","2007-03-18 21:51:30","1","1","0","0"
"4","6","NAVIGATION OFF","2","","","","","","","2007-03-18 00:00:00","2037-03-18 00:00:00","LIVE","2007-03-18 21:51:30","1","1","0","0"
"5","7","HEADER","1","","","","","","","2007-03-18 00:00:00","2037-03-18 00:00:00","LIVE","2007-03-18 21:51:30","1","1","0","0"
"6","8","NAVIGATION ON","1","","","","","","","2007-03-18 00:00:00","2037-03-18 00:00:00","LIVE","2007-03-18 21:51:30","1","1","0","0"
"7","9","NAVIGATION OFF","2","","","","","","","2007-03-18 00:00:00","2037-03-18 00:00:00","LIVE","2007-03-18 21:51:30","1","1","0","0"
"8","10","HEADER","1","","","","","","","2007-03-18 00:00:00","2037-03-18 00:00:00","LIVE","2007-03-18 21:51:30","1","1","0","0"
"9","11","NAVIGATION ON","1","","","","","","","2007-03-18 00:00:00","2037-03-18 00:00:00","LIVE","2007-03-18 21:51:30","1","1","0","0"
"10","12","NAVIGATION OFF","2","","","","","","","2007-03-18 00:00:00","2037-03-18 00:00:00","LIVE","2007-03-18 21:51:30","1","1","0","0"
"11","13","HEADER","1","","","","","","","2007-03-18 00:00:00","2037-03-18 00:00:00","LIVE","2007-03-18 21:51:30","1","1","0","0"
"12","14","NAVIGATION ON","1","","","","","","","2007-03-18 00:00:00","2037-03-18 00:00:00","LIVE","2007-03-18 21:51:30","1","1","0","0"
"13","15","NAVIGATION OFF","2","","","","","","","2007-03-18 00:00:00","2037-03-18 00:00:00","LIVE","2007-03-18 21:51:30","1","1","0","0"
"14","16","HEADER","1","","","","","","","2007-03-18 00:00:00","2037-03-18 00:00:00","LIVE","2007-03-18 21:51:30","1","1","0","0"
"15","18","HEADER IMAGE","1","","","","","","","2007-03-18 00:00:00","2037-03-18 00:00:00","LIVE","2007-03-18 21:51:30","1","1","0","0"
"16","19","NAVIGATION ON","1","","","","","","","2007-03-18 00:00:00","2037-03-18 00:00:00","LIVE","2007-03-18 21:51:30","1","1","0","0"
"17","20","NAVIGATION OFF","2","","","","","","","2007-03-18 00:00:00","2037-03-18 00:00:00","LIVE","2007-03-18 21:51:30","1","1","0","0"
"18","21","HEADER","1","","","","","","","2007-03-18 00:00:00","2037-03-18 00:00:00","LIVE","2007-03-18 21:51:30","1","1","0","0"
"19","22","NAVIGATION ON","1","","","","","","","2007-03-18 00:00:00","2037-03-18 00:00:00","LIVE","2007-03-18 21:51:30","1","1","0","0"
"20","23","NAVIGATION OFF","2","","","","","","","2007-03-18 00:00:00","2037-03-18 00:00:00","LIVE","2007-03-18 21:51:30","1","1","0","0"
"21","24","HEADER","1","","","","","","","2007-03-18 00:00:00","2037-03-18 00:00:00","LIVE","2007-03-18 21:51:30","1","1","0","0"
"22","26","HEADER IMAGE","1","","","","","","","2007-03-18 00:00:00","2037-03-18 00:00:00","LIVE","2007-03-18 21:51:30","1","1","0","0"
"23","27","NAVIGATION ON","1","","","","","","","2007-03-18 00:00:00","2037-03-18 00:00:00","LIVE","2007-03-18 21:51:30","1","1","0","0"
"24","28","NAVIGATION OFF","2","","","","","","","2007-03-18 00:00:00","2037-03-18 00:00:00","LIVE","2007-03-18 21:51:30","1","1","0","0"
"25","29","HEADER","1","","","","","","","2007-03-18 00:00:00","2037-03-18 00:00:00","LIVE","2007-03-18 21:51:30","1","1","0","0"
"26","30","NAVIGATION ON","1","","","","","","","2007-03-18 00:00:00","2037-03-18 00:00:00","LIVE","2007-03-18 21:51:30","1","1","0","0"
"27","31","NAVIGATION OFF","2","","","","","","","2007-03-18 00:00:00","2037-03-18 00:00:00","LIVE","2007-03-18 21:51:30","1","1","0","0"
"28","32","HEADER","1","","","","","","","2007-03-18 00:00:00","2037-03-18 00:00:00","LIVE","2007-03-18 21:51:30","1","1","0","0"
"29","33","NAVIGATION ON","1","","","","","","","2007-03-18 00:00:00","2037-03-18 00:00:00","LIVE","2007-03-18 21:51:30","1","1","0","0"
"30","34","NAVIGATION OFF","2","","","","","","","2007-03-18 00:00:00","2037-03-18 00:00:00","LIVE","2007-03-18 21:51:30","1","1","0","0"
"31","35","HEADER","1","","","","","","","2007-03-18 00:00:00","2037-03-18 00:00:00","LIVE","2007-03-18 21:51:30","1","1","0","0"
"32","36","NAVIGATION ON","1","","","","","","","2007-03-18 00:00:00","2037-03-18 00:00:00","LIVE","2007-03-18 21:51:30","1","1","0","0"
"33","37","NAVIGATION OFF","2","","","","","","","2007-03-18 00:00:00","2037-03-18 00:00:00","LIVE","2007-03-18 21:51:30","1","1","0","0"
"34","38","HEADER","1","","","","","","","2007-03-18 00:00:00","2037-03-18 00:00:00","LIVE","2007-03-18 21:51:30","1","1","0","0"
"35","40","HEADER IMAGE","1","","","","","","","2007-03-18 00:00:00","2037-03-18 00:00:00","LIVE","2007-03-18 21:51:30","1","1","0","0"
"36","41","NAVIGATION ON","1","","","","","","","2007-03-18 00:00:00","2037-03-18 00:00:00","LIVE","2007-03-18 21:51:30","1","1","0","0"
"37","42","NAVIGATION OFF","2","","","","","","","2007-03-18 00:00:00","2037-03-18 00:00:00","LIVE","2007-03-18 21:51:30","1","1","0","0"
"38","43","HEADER","1","","","","","","","2007-03-18 00:00:00","2037-03-18 00:00:00","LIVE","2007-03-18 21:51:30","1","1","0","0"
"39","44","NAVIGATION OFF","2","","","","","","","2007-03-18 21:51:26","2037-03-18 21:51:26","LIVE","2007-03-18 21:51:30","1","1","0","0"
"40","45","NAVIGATION ON","1","4","Petroferm Cleaning Products","10","","","39","2007-03-18 21:51:26","2037-03-18 21:51:26","LIVE","2007-03-18 21:51:30","1","1","0","0"
"41","46","NAVIGATION OFF","2","","","","","","","2007-03-18 21:51:26","2037-03-18 21:51:26","LIVE","2007-03-18 21:51:30","1","1","0","0"
"42","47","NAVIGATION ON","1","18","Petroferm Fuel Products","22","","","41","2007-03-18 21:51:26","2037-03-18 21:51:26","LIVE","2007-03-18 21:51:30","1","1","0","0"
"43","48","NAVIGATION OFF","2","","","","","","","2007-03-18 21:51:26","2037-03-18 21:51:26","LIVE","2007-03-18 21:51:30","1","1","0","0"
"44","50","NAVIGATION ON","1","49","Industrial Products Division","","32|55|56|44","Lambent Technologies|Lambent Technologies SSD|Hansotech Inc.|Joseph Storey","43","2007-03-18 21:51:26","2037-03-18 21:51:26","LIVE","2007-03-18 21:51:30","1","1","0","0"
