"ApplicationId","UserId","Password","PasswordFormat","PasswordSalt","MobilePIN","Email","LoweredEmail","PasswordQuestion","PasswordAnswer","IsApproved","IsLockedOut","CreateDate","LastLoginDate","LastPasswordChangedDate","LastLockoutDate","FailedPasswordAttemptCount","FailedPasswordAttemptWindowStart","FailedPasswordAnswerAttemptCount","FailedPasswordAnswerAttemptWindowStart","Comment"
"2544D50B-8197-47E9-9B49-94B0C7841CA0","C611BE0F-812B-4A3E-AC50-FB82B4986E4E","Sax94V3PXp0DKGeuYl5Bf6s4RqM=","1","abbBoFtuM/RRS3eCjd3Mfw==","","","","","","1","0","2007-01-03 23:31:38","2007-01-03 23:31:38","2007-01-03 23:31:38","1754-01-01 00:00:00","0","1754-01-01 00:00:00","0","1754-01-01 00:00:00","Interests: (none); Comments: "
"2544D50B-8197-47E9-9B49-94B0C7841CA0","04B06749-26BE-44C2-9C22-B6208386C506","25ZVy+a3izUzV7lKzIL4Ad9Xd9c=","1","Vh6InJYKwb2d/OSy73R6eQ==","","admin@petroferm.com","admin@petroferm.com","","","1","0","2007-01-02 12:01:04","2007-03-19 02:40:48","2007-01-02 12:01:04","1754-01-01 00:00:00","0","1754-01-01 00:00:00","0","1754-01-01 00:00:00",""
"2544D50B-8197-47E9-9B49-94B0C7841CA0","CE612C75-5D60-4103-86D5-B40E1E098B7C","HcfseU+2FZzVrGlw1qsHahGY5no=","1","7VBG3P2yIn5zaLMyaGR/1w==","","bgaines@mail.com","bgaines@mail.com","","","1","0","2007-01-31 14:33:48","2007-01-31 14:34:48","2007-01-31 14:33:48","1754-01-01 00:00:00","0","1754-01-01 00:00:00","0","1754-01-01 00:00:00","Interests: (none); Comments: "
"2544D50B-8197-47E9-9B49-94B0C7841CA0","F2DAB1B2-3F89-4DA3-BCD2-89B9A42262AE","vv1AxAtgC4lVl3VRf3b1biZHm0E=","1","S7TzPyvjNloI/cjw6x/ZNQ==","","bgaines@mail.com","bgaines@mail.com","","","1","0","2007-02-23 23:57:31","2007-02-23 23:58:16","2007-02-23 23:57:31","1754-01-01 00:00:00","0","1754-01-01 00:00:00","0","1754-01-01 00:00:00","Interests: Marketing Information, Datasheets
Comments: THese are comments. Yee haw!"
"2544D50B-8197-47E9-9B49-94B0C7841CA0","3A929972-123A-4FB0-B77C-A85FC05C2A76","nWzlvE6omGMkY0X77FZB2apiUfg=","1","FjhI3s0NEPoG1GaLM2+iVA==","","jsmith@!mail.com","jsmith@!mail.com","","","1","0","2007-02-23 23:48:12","2007-02-23 23:49:37","2007-02-23 23:48:12","1754-01-01 00:00:00","0","1754-01-01 00:00:00","0","1754-01-01 00:00:00","Interests: Marketing Information, Newsletters, Datasheets
Comments: These are comments."
"2544D50B-8197-47E9-9B49-94B0C7841CA0","405A3C3C-E699-4BDF-BABB-0A49E5C57862","fwbfEDmFMbkUwUXXH7dpgmkkzKo=","1","yDWYvMaY2mJdb7s76KUJzQ==","","kelly@kellyroe.com","kelly@kellyroe.com","","","1","0","2007-02-23 23:39:39","2007-02-23 23:39:40","2007-02-23 23:39:39","1754-01-01 00:00:00","0","1754-01-01 00:00:00","0","1754-01-01 00:00:00","Interests: Newsletters, Datasheets; Comments: This is a test. Yay!"
"2544D50B-8197-47E9-9B49-94B0C7841CA0","FB069159-9061-4748-BB3A-D290E3202582","tgjHVA5WxiU3tONHYSjizxPSgpQ=","1","LHEcr1MCzCfXjGelUepqPA==","","kelly@mail.com","kelly@mail.com","","","1","0","2007-02-23 23:40:54","2007-02-23 23:40:54","2007-02-23 23:40:54","1754-01-01 00:00:00","0","1754-01-01 00:00:00","0","1754-01-01 00:00:00","Interests: Marketing Information, Newsletters, Datasheets; Comments: This is another test."
"2544D50B-8197-47E9-9B49-94B0C7841CA0","3A28A2B2-4172-48AC-A348-3A9A9E7BE74B","0K2RC6HnEGQKCi6B/foByQyviw4=","1","6j8T54NT6DCT6MpbCaMMBQ==","","kelly@roe.com","kelly@roe.com","","","1","0","2007-02-23 23:44:27","2007-02-23 23:46:25","2007-02-23 23:44:27","1754-01-01 00:00:00","0","1754-01-01 00:00:00","0","1754-01-01 00:00:00","Interests: Marketing Information, Product Samples, Other; Comments: This is a test"
"2544D50B-8197-47E9-9B49-94B0C7841CA0","598AE4C7-8BA7-4B88-BC4C-76B8BD71C265","9wUnJOh+907ii4XOfte8Ak2fg+U=","1","GhdH0QMC5P0mNZXzE/Dn3A==","","kroe@mail.com","kroe@mail.com","","","1","0","2007-01-31 14:30:31","2007-01-31 14:30:31","2007-01-31 14:30:31","1754-01-01 00:00:00","0","1754-01-01 00:00:00","0","1754-01-01 00:00:00","Interests: (none); Comments: "
