"DeploymentSqlID","DeploymentJobID","SqlStatement","ExecuteDate","ActiveFlag"
"1","1","insert into tblDeploymentQueue_U (TableName, KeyName, KeyNameValue, RecordAction, DeploymentJobID, DeploymentDate, DeployedBy, ActiveFlag) select 'tblImage', 'ImageID', ImageID, case MarkedForDeletion when 1 then 'DELETE' else 'INSERT' end , 1, getdate(), 'System Administrator', 1 from tblImage where UPPER(WorkflowStatus) = 'PENDING DEPLOYMENT'","2007-03-18 21:51:28","0"
"2","1","delete tblImage_LIVE from tblDeploymentQueue_U q, tblImage_LIVE l where q.KeyNameValue = l.ImageID and q.DeploymentJobID = 1 and q.TableName = 'tblImage' and UPPER(q.RecordAction) in ('DELETE','INSERT') and q.ActiveFlag = 1","2007-03-18 21:51:28","0"
"3","1","insert into tblImage_LIVE select fn_a.ImagePath, fn_a.Alt, fn_a.Width, fn_a.Height, fn_a.PublishDate, fn_a.ExpirationDate, fn_a.WorkflowStatus, fn_a.LastModifiedDate, fn_a.LastModifiedBy, fn_a.ActiveFlag, fn_a.MarkedForDeletion, fn_a.DeploymentJobID, fn_a.ImageID from tblImage fn_a, tblDeploymentQueue_U q where q.KeyNameValue = fn_a.ImageID and q.DeploymentJobID = 1 and q.TableName = 'tblImage' and UPPER(q.RecordAction) = 'INSERT' and q.ActiveFlag = 1","2007-03-18 21:51:28","0"
"4","1","update tblImage_LIVE set MarkedForDeletion = 0, WorkflowStatus = 'LIVE', DeploymentJobId = 1 from tblDeploymentQueue_U q, tblImage_LIVE l where q.KeyNameValue = l.ImageID and q.TableName = 'tblImage' and q.DeploymentJobID = 1 and UPPER(q.RecordAction) = 'INSERT' and q.ActiveFlag = 1","2007-03-18 21:51:28","0"
"5","1","delete tblImage from tblDeploymentQueue_U q, tblImage cms where q.KeyNameValue = cms.ImageID and q.DeploymentJobID = 1 and q.TableName = 'tblImage' and UPPER(q.RecordAction) = 'DELETE' and q.ActiveFlag = 1","2007-03-18 21:51:28","0"
"6","1","update tblImage set MarkedForDeletion = 0, WorkflowStatus = 'LIVE', DeploymentJobId = 0, LastModifiedDate = getdate() from tblDeploymentQueue_U q, tblImage cms where q.KeyNameValue = cms.ImageID and q.TableName = 'tblImage' and q.DeploymentJobID = 1 and UPPER(q.RecordAction) = 'INSERT' and q.ActiveFlag = 1","2007-03-18 21:51:28","0"
"7","1","insert into tblDeploymentQueue_U (TableName, KeyName, KeyNameValue, RecordAction, DeploymentJobID, DeploymentDate, DeployedBy, ActiveFlag) select 'tblRegion', 'RegionID', RegionID, case MarkedForDeletion when 1 then 'DELETE' else 'INSERT' end , 1, getdate(), 'System Administrator', 1 from tblRegion where UPPER(WorkflowStatus) = 'PENDING DEPLOYMENT'","2007-03-18 21:51:28","0"
"8","1","delete tblRegion_LIVE from tblDeploymentQueue_U q, tblRegion_LIVE l where q.KeyNameValue = l.RegionID and q.DeploymentJobID = 1 and q.TableName = 'tblRegion' and UPPER(q.RecordAction) in ('DELETE','INSERT') and q.ActiveFlag = 1","2007-03-18 21:51:28","0"
"9","1","insert into tblRegion_LIVE select fn_a.RegionName, fn_a.ImageID, fn_a.PublishDate, fn_a.ExpirationDate, fn_a.WorkflowStatus, fn_a.LastModifiedDate, fn_a.LastModifiedBy, fn_a.ActiveFlag, fn_a.MarkedForDeletion, fn_a.DeploymentJobID, fn_a.RegionID from tblRegion fn_a, tblDeploymentQueue_U q where q.KeyNameValue = fn_a.RegionID and q.DeploymentJobID = 1 and q.TableName = 'tblRegion' and UPPER(q.RecordAction) = 'INSERT' and q.ActiveFlag = 1","2007-03-18 21:51:28","0"
"10","1","update tblRegion_LIVE set MarkedForDeletion = 0, WorkflowStatus = 'LIVE', DeploymentJobId = 1 from tblDeploymentQueue_U q, tblRegion_LIVE l where q.KeyNameValue = l.RegionID and q.TableName = 'tblRegion' and q.DeploymentJobID = 1 and UPPER(q.RecordAction) = 'INSERT' and q.ActiveFlag = 1","2007-03-18 21:51:28","0"
"11","1","delete tblRegion from tblDeploymentQueue_U q, tblRegion cms where q.KeyNameValue = cms.RegionID and q.DeploymentJobID = 1 and q.TableName = 'tblRegion' and UPPER(q.RecordAction) = 'DELETE' and q.ActiveFlag = 1","2007-03-18 21:51:28","0"
"12","1","update tblRegion set MarkedForDeletion = 0, WorkflowStatus = 'LIVE', DeploymentJobId = 0, LastModifiedDate = getdate() from tblDeploymentQueue_U q, tblRegion cms where q.KeyNameValue = cms.RegionID and q.TableName = 'tblRegion' and q.DeploymentJobID = 1 and UPPER(q.RecordAction) = 'INSERT' and q.ActiveFlag = 1","2007-03-18 21:51:28","0"
"13","1","insert into tblDeploymentQueue_U (TableName, KeyName, KeyNameValue, RecordAction, DeploymentJobID, DeploymentDate, DeployedBy, ActiveFlag) select 'tblProductAttributeType', 'AttribTypeID', AttribTypeID, case MarkedForDeletion when 1 then 'DELETE' else 'INSERT' end , 1, getdate(), 'System Administrator', 1 from tblProductAttributeType where UPPER(WorkflowStatus) = 'PENDING DEPLOYMENT'","2007-03-18 21:51:28","0"
"14","1","delete tblProductAttributeType_LIVE from tblDeploymentQueue_U q, tblProductAttributeType_LIVE l where q.KeyNameValue = l.AttribTypeID and q.DeploymentJobID = 1 and q.TableName = 'tblProductAttributeType' and UPPER(q.RecordAction) in ('DELETE','INSERT') and q.ActiveFlag = 1","2007-03-18 21:51:28","0"
"15","1","insert into tblProductAttributeType_LIVE select fn_a.BusinessUnitID, fn_a.AttribName, fn_a.AllowMultiple, fn_a.IsReadOnly, fn_a.PublishDate, fn_a.ExpirationDate, fn_a.WorkflowStatus, fn_a.LastModifiedDate, fn_a.LastModifiedBy, fn_a.ActiveFlag, fn_a.MarkedForDeletion, fn_a.DeploymentJobID, fn_a.AttribTypeID from tblProductAttributeType fn_a, tblDeploymentQueue_U q where q.KeyNameValue = fn_a.AttribTypeID and q.DeploymentJobID = 1 and q.TableName = 'tblProductAttributeType' and UPPER(q.RecordAction) = 'INSERT' and q.ActiveFlag = 1","2007-03-18 21:51:28","0"
"16","1","update tblProductAttributeType_LIVE set MarkedForDeletion = 0, WorkflowStatus = 'LIVE', DeploymentJobId = 1 from tblDeploymentQueue_U q, tblProductAttributeType_LIVE l where q.KeyNameValue = l.AttribTypeID and q.TableName = 'tblProductAttributeType' and q.DeploymentJobID = 1 and UPPER(q.RecordAction) = 'INSERT' and q.ActiveFlag = 1","2007-03-18 21:51:28","0"
"17","1","delete tblProductAttributeType from tblDeploymentQueue_U q, tblProductAttributeType cms where q.KeyNameValue = cms.AttribTypeID and q.DeploymentJobID = 1 and q.TableName = 'tblProductAttributeType' and UPPER(q.RecordAction) = 'DELETE' and q.ActiveFlag = 1","2007-03-18 21:51:28","0"
"18","1","update tblProductAttributeType set MarkedForDeletion = 0, WorkflowStatus = 'LIVE', DeploymentJobId = 0, LastModifiedDate = getdate() from tblDeploymentQueue_U q, tblProductAttributeType cms where q.KeyNameValue = cms.AttribTypeID and q.TableName = 'tblProductAttributeType' and q.DeploymentJobID = 1 and UPPER(q.RecordAction) = 'INSERT' and q.ActiveFlag = 1","2007-03-18 21:51:28","0"
"19","1","insert into tblDeploymentQueue_U (TableName, KeyName, KeyNameValue, RecordAction, DeploymentJobID, DeploymentDate, DeployedBy, ActiveFlag) select 'tblSearchAttribType', 'SearchAttribTypeID', SearchAttribTypeID, case MarkedForDeletion when 1 then 'DELETE' else 'INSERT' end , 1, getdate(), 'System Administrator', 1 from tblSearchAttribType where UPPER(WorkflowStatus) = 'PENDING DEPLOYMENT'","2007-03-18 21:51:28","0"
"20","1","delete tblSearchAttribType_LIVE from tblDeploymentQueue_U q, tblSearchAttribType_LIVE l where q.KeyNameValue = l.SearchAttribTypeID and q.DeploymentJobID = 1 and q.TableName = 'tblSearchAttribType' and UPPER(q.RecordAction) in ('DELETE','INSERT') and q.ActiveFlag = 1","2007-03-18 21:51:28","0"
"21","1","insert into tblSearchAttribType_LIVE select fn_a.BusinessUnitID, fn_a.MarketID, fn_a.SearchAttributeName, fn_a.PublishDate, fn_a.ExpirationDate, fn_a.WorkflowStatus, fn_a.LastModifiedDate, fn_a.LastModifiedBy, fn_a.ActiveFlag, fn_a.MarkedForDeletion, fn_a.DeploymentJobID, fn_a.SearchAttribTypeID from tblSearchAttribType fn_a, tblDeploymentQueue_U q where q.KeyNameValue = fn_a.SearchAttribTypeID and q.DeploymentJobID = 1 and q.TableName = 'tblSearchAttribType' and UPPER(q.RecordAction) = 'INSERT' and q.ActiveFlag = 1","2007-03-18 21:51:28","0"
"22","1","update tblSearchAttribType_LIVE set MarkedForDeletion = 0, WorkflowStatus = 'LIVE', DeploymentJobId = 1 from tblDeploymentQueue_U q, tblSearchAttribType_LIVE l where q.KeyNameValue = l.SearchAttribTypeID and q.TableName = 'tblSearchAttribType' and q.DeploymentJobID = 1 and UPPER(q.RecordAction) = 'INSERT' and q.ActiveFlag = 1","2007-03-18 21:51:28","0"
"23","1","delete tblSearchAttribType from tblDeploymentQueue_U q, tblSearchAttribType cms where q.KeyNameValue = cms.SearchAttribTypeID and q.DeploymentJobID = 1 and q.TableName = 'tblSearchAttribType' and UPPER(q.RecordAction) = 'DELETE' and q.ActiveFlag = 1","2007-03-18 21:51:28","0"
"24","1","update tblSearchAttribType set MarkedForDeletion = 0, WorkflowStatus = 'LIVE', DeploymentJobId = 0, LastModifiedDate = getdate() from tblDeploymentQueue_U q, tblSearchAttribType cms where q.KeyNameValue = cms.SearchAttribTypeID and q.TableName = 'tblSearchAttribType' and q.DeploymentJobID = 1 and UPPER(q.RecordAction) = 'INSERT' and q.ActiveFlag = 1","2007-03-18 21:51:28","0"
"25","1","insert into tblDeploymentQueue_U (TableName, KeyName, KeyNameValue, RecordAction, DeploymentJobID, DeploymentDate, DeployedBy, ActiveFlag) select 'tblUrlRewrite', 'UrlRewriteID', UrlRewriteID, case MarkedForDeletion when 1 then 'DELETE' else 'INSERT' end , 1, getdate(), 'System Administrator', 1 from tblUrlRewrite where UPPER(WorkflowStatus) = 'PENDING DEPLOYMENT'","2007-03-18 21:51:28","0"
"26","1","delete tblUrlRewrite_LIVE from tblDeploymentQueue_U q, tblUrlRewrite_LIVE l where q.KeyNameValue = l.UrlRewriteID and q.DeploymentJobID = 1 and q.TableName = 'tblUrlRewrite' and UPPER(q.RecordAction) in ('DELETE','INSERT') and q.ActiveFlag = 1","2007-03-18 21:51:28","0"
"27","1","insert into tblUrlRewrite_LIVE select fn_a.PageID, fn_a.UrlFriendlyName, fn_a.PublishDate, fn_a.ExpirationDate, fn_a.WorkflowStatus, fn_a.LastModifiedDate, fn_a.LastModifiedBy, fn_a.ActiveFlag, fn_a.MarkedForDeletion, fn_a.DeploymentJobId, fn_a.UrlRewriteID from tblUrlRewrite fn_a, tblDeploymentQueue_U q where q.KeyNameValue = fn_a.UrlRewriteID and q.DeploymentJobID = 1 and q.TableName = 'tblUrlRewrite' and UPPER(q.RecordAction) = 'INSERT' and q.ActiveFlag = 1","2007-03-18 21:51:28","0"
"28","1","update tblUrlRewrite_LIVE set MarkedForDeletion = 0, WorkflowStatus = 'LIVE', DeploymentJobId = 1 from tblDeploymentQueue_U q, tblUrlRewrite_LIVE l where q.KeyNameValue = l.UrlRewriteID and q.TableName = 'tblUrlRewrite' and q.DeploymentJobID = 1 and UPPER(q.RecordAction) = 'INSERT' and q.ActiveFlag = 1","2007-03-18 21:51:28","0"
"29","1","delete tblUrlRewrite from tblDeploymentQueue_U q, tblUrlRewrite cms where q.KeyNameValue = cms.UrlRewriteID and q.DeploymentJobID = 1 and q.TableName = 'tblUrlRewrite' and UPPER(q.RecordAction) = 'DELETE' and q.ActiveFlag = 1","2007-03-18 21:51:28","0"
"30","1","update tblUrlRewrite set MarkedForDeletion = 0, WorkflowStatus = 'LIVE', DeploymentJobId = 0, LastModifiedDate = getdate() from tblDeploymentQueue_U q, tblUrlRewrite cms where q.KeyNameValue = cms.UrlRewriteID and q.TableName = 'tblUrlRewrite' and q.DeploymentJobID = 1 and UPPER(q.RecordAction) = 'INSERT' and q.ActiveFlag = 1","2007-03-18 21:51:28","0"
"31","1","insert into tblDeploymentQueue_U (TableName, KeyName, KeyNameValue, RecordAction, DeploymentJobID, DeploymentDate, DeployedBy, ActiveFlag) select 'tblProductBlurbModule', 'ProductBlurbModuleID', ProductBlurbModuleID, case MarkedForDeletion when 1 then 'DELETE' else 'INSERT' end , 1, getdate(), 'System Administrator', 1 from tblProductBlurbModule where UPPER(WorkflowStatus) = 'PENDING DEPLOYMENT'","2007-03-18 21:51:28","0"
"32","1","delete tblProductBlurbModule_LIVE from tblDeploymentQueue_U q, tblProductBlurbModule_LIVE l where q.KeyNameValue = l.ProductBlurbModuleID and q.DeploymentJobID = 1 and q.TableName = 'tblProductBlurbModule' and UPPER(q.RecordAction) in ('DELETE','INSERT') and q.ActiveFlag = 1","2007-03-18 21:51:28","0"
"33","1","insert into tblProductBlurbModule_LIVE select fn_a.SourceID, fn_a.ProductSelection, fn_a.Title, fn_a.ProductBlurb, fn_a.PublishDate, fn_a.ExpirationDate, fn_a.WorkflowStatus, fn_a.LastModifiedDate, fn_a.LastModifiedBy, fn_a.ActiveFlag, fn_a.MarkedForDeletion, fn_a.DeploymentJobId, fn_a.ProductBlurbModuleID from tblProductBlurbModule fn_a, tblDeploymentQueue_U q where q.KeyNameValue = fn_a.ProductBlurbModuleID and q.DeploymentJobID = 1 and q.TableName = 'tblProductBlurbModule' and UPPER(q.RecordAction) = 'INSERT' and q.ActiveFlag = 1","2007-03-18 21:51:28","0"
"34","1","update tblProductBlurbModule_LIVE set MarkedForDeletion = 0, WorkflowStatus = 'LIVE', DeploymentJobId = 1 from tblDeploymentQueue_U q, tblProductBlurbModule_LIVE l where q.KeyNameValue = l.ProductBlurbModuleID and q.TableName = 'tblProductBlurbModule' and q.DeploymentJobID = 1 and UPPER(q.RecordAction) = 'INSERT' and q.ActiveFlag = 1","2007-03-18 21:51:28","0"
"35","1","delete tblProductBlurbModule from tblDeploymentQueue_U q, tblProductBlurbModule cms where q.KeyNameValue = cms.ProductBlurbModuleID and q.DeploymentJobID = 1 and q.TableName = 'tblProductBlurbModule' and UPPER(q.RecordAction) = 'DELETE' and q.ActiveFlag = 1","2007-03-18 21:51:28","0"
"36","1","update tblProductBlurbModule set MarkedForDeletion = 0, WorkflowStatus = 'LIVE', DeploymentJobId = 0, LastModifiedDate = getdate() from tblDeploymentQueue_U q, tblProductBlurbModule cms where q.KeyNameValue = cms.ProductBlurbModuleID and q.TableName = 'tblProductBlurbModule' and q.DeploymentJobID = 1 and UPPER(q.RecordAction) = 'INSERT' and q.ActiveFlag = 1","2007-03-18 21:51:28","0"
"37","1","insert into tblDeploymentQueue_U (TableName, KeyName, KeyNameValue, RecordAction, DeploymentJobID, DeploymentDate, DeployedBy, ActiveFlag) select 'tblProductBlurbModuleReln', 'ProductBlurbModuleRelnID', ProductBlurbModuleRelnID, case MarkedForDeletion when 1 then 'DELETE' else 'INSERT' end , 1, getdate(), 'System Administrator', 1 from tblProductBlurbModuleReln where UPPER(WorkflowStatus) = 'PENDING DEPLOYMENT'","2007-03-18 21:51:28","0"
"38","1","delete tblProductBlurbModuleReln_LIVE from tblDeploymentQueue_U q, tblProductBlurbModuleReln_LIVE l where q.KeyNameValue = l.ProductBlurbModuleRelnID and q.DeploymentJobID = 1 and q.TableName = 'tblProductBlurbModuleReln' and UPPER(q.RecordAction) in ('DELETE','INSERT') and q.ActiveFlag = 1","2007-03-18 21:51:28","0"
"39","1","insert into tblProductBlurbModuleReln_LIVE select fn_a.ProductBlurbModuleID, fn_a.ProductID, fn_a.PublishDate, fn_a.ExpirationDate, fn_a.WorkflowStatus, fn_a.LastModifiedDate, fn_a.LastModifiedBy, fn_a.ActiveFlag, fn_a.MarkedForDeletion, fn_a.DeploymentJobID, fn_a.ProductBlurbModuleRelnID from tblProductBlurbModuleReln fn_a, tblDeploymentQueue_U q where q.KeyNameValue = fn_a.ProductBlurbModuleRelnID and q.DeploymentJobID = 1 and q.TableName = 'tblProductBlurbModuleReln' and UPPER(q.RecordAction) = 'INSERT' and q.ActiveFlag = 1","2007-03-18 21:51:28","0"
"40","1","update tblProductBlurbModuleReln_LIVE set MarkedForDeletion = 0, WorkflowStatus = 'LIVE', DeploymentJobId = 1 from tblDeploymentQueue_U q, tblProductBlurbModuleReln_LIVE l where q.KeyNameValue = l.ProductBlurbModuleRelnID and q.TableName = 'tblProductBlurbModuleReln' and q.DeploymentJobID = 1 and UPPER(q.RecordAction) = 'INSERT' and q.ActiveFlag = 1","2007-03-18 21:51:28","0"
"41","1","delete tblProductBlurbModuleReln from tblDeploymentQueue_U q, tblProductBlurbModuleReln cms where q.KeyNameValue = cms.ProductBlurbModuleRelnID and q.DeploymentJobID = 1 and q.TableName = 'tblProductBlurbModuleReln' and UPPER(q.RecordAction) = 'DELETE' and q.ActiveFlag = 1","2007-03-18 21:51:28","0"
"42","1","update tblProductBlurbModuleReln set MarkedForDeletion = 0, WorkflowStatus = 'LIVE', DeploymentJobId = 0, LastModifiedDate = getdate() from tblDeploymentQueue_U q, tblProductBlurbModuleReln cms where q.KeyNameValue = cms.ProductBlurbModuleRelnID and q.TableName = 'tblProductBlurbModuleReln' and q.DeploymentJobID = 1 and UPPER(q.RecordAction) = 'INSERT' and q.ActiveFlag = 1","2007-03-18 21:51:28","0"
"43","1","insert into tblDeploymentQueue_U (TableName, KeyName, KeyNameValue, RecordAction, DeploymentJobID, DeploymentDate, DeployedBy, ActiveFlag) select 'tblBusinessUnit', 'BusinessUnitID', BusinessUnitID, case MarkedForDeletion when 1 then 'DELETE' else 'INSERT' end , 1, getdate(), 'System Administrator', 1 from tblBusinessUnit where UPPER(WorkflowStatus) = 'PENDING DEPLOYMENT'","2007-03-18 21:51:29","0"
"44","1","delete tblBusinessUnit_LIVE from tblDeploymentQueue_U q, tblBusinessUnit_LIVE l where q.KeyNameValue = l.BusinessUnitID and q.DeploymentJobID = 1 and q.TableName = 'tblBusinessUnit' and UPPER(q.RecordAction) in ('DELETE','INSERT') and q.ActiveFlag = 1","2007-03-18 21:51:29","0"
"45","1","insert into tblBusinessUnit_LIVE select fn_a.BusinessUnitName, fn_a.DocAuthorization, fn_a.LogoImageID, fn_a.PublishDate, fn_a.ExpirationDate, fn_a.WorkflowStatus, fn_a.LastModifiedDate, fn_a.LastModifiedBy, fn_a.ActiveFlag, fn_a.MarkedForDeletion, fn_a.DeploymentJobID, fn_a.BusinessUnitID from tblBusinessUnit fn_a, tblDeploymentQueue_U q where q.KeyNameValue = fn_a.BusinessUnitID and q.DeploymentJobID = 1 and q.TableName = 'tblBusinessUnit' and UPPER(q.RecordAction) = 'INSERT' and q.ActiveFlag = 1","2007-03-18 21:51:29","0"
"46","1","update tblBusinessUnit_LIVE set MarkedForDeletion = 0, WorkflowStatus = 'LIVE', DeploymentJobId = 1 from tblDeploymentQueue_U q, tblBusinessUnit_LIVE l where q.KeyNameValue = l.BusinessUnitID and q.TableName = 'tblBusinessUnit' and q.DeploymentJobID = 1 and UPPER(q.RecordAction) = 'INSERT' and q.ActiveFlag = 1","2007-03-18 21:51:29","0"
"47","1","delete tblBusinessUnit from tblDeploymentQueue_U q, tblBusinessUnit cms where q.KeyNameValue = cms.BusinessUnitID and q.DeploymentJobID = 1 and q.TableName = 'tblBusinessUnit' and UPPER(q.RecordAction) = 'DELETE' and q.ActiveFlag = 1","2007-03-18 21:51:29","0"
"48","1","update tblBusinessUnit set MarkedForDeletion = 0, WorkflowStatus = 'LIVE', DeploymentJobId = 0, LastModifiedDate = getdate() from tblDeploymentQueue_U q, tblBusinessUnit cms where q.KeyNameValue = cms.BusinessUnitID and q.TableName = 'tblBusinessUnit' and q.DeploymentJobID = 1 and UPPER(q.RecordAction) = 'INSERT' and q.ActiveFlag = 1","2007-03-18 21:51:29","0"
"49","1","insert into tblDeploymentQueue_U (TableName, KeyName, KeyNameValue, RecordAction, DeploymentJobID, DeploymentDate, DeployedBy, ActiveFlag) select 'tblMarket', 'MarketID', MarketID, case MarkedForDeletion when 1 then 'DELETE' else 'INSERT' end , 1, getdate(), 'System Administrator', 1 from tblMarket where UPPER(WorkflowStatus) = 'PENDING DEPLOYMENT'","2007-03-18 21:51:29","0"
"50","1","delete tblMarket_LIVE from tblDeploymentQueue_U q, tblMarket_LIVE l where q.KeyNameValue = l.MarketID and q.DeploymentJobID = 1 and q.TableName = 'tblMarket' and UPPER(q.RecordAction) in ('DELETE','INSERT') and q.ActiveFlag = 1","2007-03-18 21:51:29","0"
"51","1","insert into tblMarket_LIVE select fn_a.BusinessUnitID, fn_a.MarketName, fn_a.MarketOrder, fn_a.PublishDate, fn_a.ExpirationDate, fn_a.WorkflowStatus, fn_a.LastModifiedDate, fn_a.LastModifiedBy, fn_a.ActiveFlag, fn_a.MarkedForDeletion, fn_a.DeploymentJobID, fn_a.MarketID from tblMarket fn_a, tblDeploymentQueue_U q where q.KeyNameValue = fn_a.MarketID and q.DeploymentJobID = 1 and q.TableName = 'tblMarket' and UPPER(q.RecordAction) = 'INSERT' and q.ActiveFlag = 1","2007-03-18 21:51:29","0"
"52","1","update tblMarket_LIVE set MarkedForDeletion = 0, WorkflowStatus = 'LIVE', DeploymentJobId = 1 from tblDeploymentQueue_U q, tblMarket_LIVE l where q.KeyNameValue = l.MarketID and q.TableName = 'tblMarket' and q.DeploymentJobID = 1 and UPPER(q.RecordAction) = 'INSERT' and q.ActiveFlag = 1","2007-03-18 21:51:29","0"
"53","1","delete tblMarket from tblDeploymentQueue_U q, tblMarket cms where q.KeyNameValue = cms.MarketID and q.DeploymentJobID = 1 and q.TableName = 'tblMarket' and UPPER(q.RecordAction) = 'DELETE' and q.ActiveFlag = 1","2007-03-18 21:51:29","0"
"54","1","update tblMarket set MarkedForDeletion = 0, WorkflowStatus = 'LIVE', DeploymentJobId = 0, LastModifiedDate = getdate() from tblDeploymentQueue_U q, tblMarket cms where q.KeyNameValue = cms.MarketID and q.TableName = 'tblMarket' and q.DeploymentJobID = 1 and UPPER(q.RecordAction) = 'INSERT' and q.ActiveFlag = 1","2007-03-18 21:51:29","0"
"55","1","insert into tblDeploymentQueue_U (TableName, KeyName, KeyNameValue, RecordAction, DeploymentJobID, DeploymentDate, DeployedBy, ActiveFlag) select 'tblSideNav', 'ID', ID, case MarkedForDeletion when 1 then 'DELETE' else 'INSERT' end , 1, getdate(), 'System Administrator', 1 from tblSideNav where UPPER(WorkflowStatus) = 'PENDING DEPLOYMENT'","2007-03-18 21:51:29","0"
"56","1","delete tblSideNav_LIVE from tblDeploymentQueue_U q, tblSideNav_LIVE l where q.KeyNameValue = l.ID and q.DeploymentJobID = 1 and q.TableName = 'tblSideNav' and UPPER(q.RecordAction) in ('DELETE','INSERT') and q.ActiveFlag = 1","2007-03-18 21:51:29","0"
"57","1","insert into tblSideNav_LIVE select fn_a.ProdCatID, fn_a.Title, fn_a.Description, fn_a.URL, fn_a.BusinessUnitID, fn_a.MarketID, fn_a.PageID, fn_a.ItemOrder, fn_a.Parent, fn_a.SectionID, fn_a.PublishDate, fn_a.ExpirationDate, fn_a.WorkflowStatus, fn_a.LastModifiedDate, fn_a.LastModifiedBy, fn_a.ActiveFlag, fn_a.MarkedForDeletion, fn_a.DeploymentJobID, fn_a.ID from tblSideNav fn_a, tblDeploymentQueue_U q where q.KeyNameValue = fn_a.ID and q.DeploymentJobID = 1 and q.TableName = 'tblSideNav' and UPPER(q.RecordAction) = 'INSERT' and q.ActiveFlag = 1","2007-03-18 21:51:29","0"
"58","1","update tblSideNav_LIVE set MarkedForDeletion = 0, WorkflowStatus = 'LIVE', DeploymentJobId = 1 from tblDeploymentQueue_U q, tblSideNav_LIVE l where q.KeyNameValue = l.ID and q.TableName = 'tblSideNav' and q.DeploymentJobID = 1 and UPPER(q.RecordAction) = 'INSERT' and q.ActiveFlag = 1","2007-03-18 21:51:29","0"
"59","1","delete tblSideNav from tblDeploymentQueue_U q, tblSideNav cms where q.KeyNameValue = cms.ID and q.DeploymentJobID = 1 and q.TableName = 'tblSideNav' and UPPER(q.RecordAction) = 'DELETE' and q.ActiveFlag = 1","2007-03-18 21:51:29","0"
"60","1","update tblSideNav set MarkedForDeletion = 0, WorkflowStatus = 'LIVE', DeploymentJobId = 0, LastModifiedDate = getdate() from tblDeploymentQueue_U q, tblSideNav cms where q.KeyNameValue = cms.ID and q.TableName = 'tblSideNav' and q.DeploymentJobID = 1 and UPPER(q.RecordAction) = 'INSERT' and q.ActiveFlag = 1","2007-03-18 21:51:29","0"
"61","1","insert into tblDeploymentQueue_U (TableName, KeyName, KeyNameValue, RecordAction, DeploymentJobID, DeploymentDate, DeployedBy, ActiveFlag) select 'tblPage', 'PageID', PageID, case MarkedForDeletion when 1 then 'DELETE' else 'INSERT' end , 1, getdate(), 'System Administrator', 1 from tblPage where UPPER(WorkflowStatus) = 'PENDING DEPLOYMENT'","2007-03-18 21:51:29","0"
"62","1","delete tblPage_LIVE from tblDeploymentQueue_U q, tblPage_LIVE l where q.KeyNameValue = l.PageID and q.DeploymentJobID = 1 and q.TableName = 'tblPage' and UPPER(q.RecordAction) in ('DELETE','INSERT') and q.ActiveFlag = 1","2007-03-18 21:51:29","0"
"63","1","insert into tblPage_LIVE select fn_a.MarketID, fn_a.BusinessUnitID, fn_a.PageType, fn_a.PageTitle, fn_a.MetaKeywords, fn_a.MetaDescription, fn_a.PassthroughURL, fn_a.IsRequired, fn_a.IsReadOnly, fn_a.PublishDate, fn_a.ExpirationDate, fn_a.WorkflowStatus, fn_a.LastModifiedDate, fn_a.LastModifiedBy, fn_a.ActiveFlag, fn_a.MarkedForDeletion, fn_a.DeploymentJobID, fn_a.PageID from tblPage fn_a, tblDeploymentQueue_U q where q.KeyNameValue = fn_a.PageID and q.DeploymentJobID = 1 and q.TableName = 'tblPage' and UPPER(q.RecordAction) = 'INSERT' and q.ActiveFlag = 1","2007-03-18 21:51:29","0"
"64","1","update tblPage_LIVE set MarkedForDeletion = 0, WorkflowStatus = 'LIVE', DeploymentJobId = 1 from tblDeploymentQueue_U q, tblPage_LIVE l where q.KeyNameValue = l.PageID and q.TableName = 'tblPage' and q.DeploymentJobID = 1 and UPPER(q.RecordAction) = 'INSERT' and q.ActiveFlag = 1","2007-03-18 21:51:29","0"
"65","1","delete tblPage from tblDeploymentQueue_U q, tblPage cms where q.KeyNameValue = cms.PageID and q.DeploymentJobID = 1 and q.TableName = 'tblPage' and UPPER(q.RecordAction) = 'DELETE' and q.ActiveFlag = 1","2007-03-18 21:51:29","0"
"66","1","update tblPage set MarkedForDeletion = 0, WorkflowStatus = 'LIVE', DeploymentJobId = 0, LastModifiedDate = getdate() from tblDeploymentQueue_U q, tblPage cms where q.KeyNameValue = cms.PageID and q.TableName = 'tblPage' and q.DeploymentJobID = 1 and UPPER(q.RecordAction) = 'INSERT' and q.ActiveFlag = 1","2007-03-18 21:51:29","0"
"67","1","insert into tblDeploymentQueue_U (TableName, KeyName, KeyNameValue, RecordAction, DeploymentJobID, DeploymentDate, DeployedBy, ActiveFlag) select 'tblProduct', 'ProductID', ProductID, case MarkedForDeletion when 1 then 'DELETE' else 'INSERT' end , 1, getdate(), 'System Administrator', 1 from tblProduct where UPPER(WorkflowStatus) = 'PENDING DEPLOYMENT'","2007-03-18 21:51:29","0"
"68","1","delete tblProduct_LIVE from tblDeploymentQueue_U q, tblProduct_LIVE l where q.KeyNameValue = l.ProductID and q.DeploymentJobID = 1 and q.TableName = 'tblProduct' and UPPER(q.RecordAction) in ('DELETE','INSERT') and q.ActiveFlag = 1","2007-03-18 21:51:29","0"
"69","1","insert into tblProduct_LIVE select fn_a.BusinessUnitID, fn_a.ProductName, fn_a.ProductKeywords, fn_a.ProductBlurb, fn_a.ProductApprovals, fn_a.PublishDate, fn_a.ExpirationDate, fn_a.WorkflowStatus, fn_a.LastModifiedDate, fn_a.LastModifiedBy, fn_a.ActiveFlag, fn_a.MarkedForDeletion, fn_a.DeploymentJobID, fn_a.ProductID from tblProduct fn_a, tblDeploymentQueue_U q where q.KeyNameValue = fn_a.ProductID and q.DeploymentJobID = 1 and q.TableName = 'tblProduct' and UPPER(q.RecordAction) = 'INSERT' and q.ActiveFlag = 1","2007-03-18 21:51:29","0"
"70","1","update tblProduct_LIVE set MarkedForDeletion = 0, WorkflowStatus = 'LIVE', DeploymentJobId = 1 from tblDeploymentQueue_U q, tblProduct_LIVE l where q.KeyNameValue = l.ProductID and q.TableName = 'tblProduct' and q.DeploymentJobID = 1 and UPPER(q.RecordAction) = 'INSERT' and q.ActiveFlag = 1","2007-03-18 21:51:29","0"
"71","1","delete tblProduct from tblDeploymentQueue_U q, tblProduct cms where q.KeyNameValue = cms.ProductID and q.DeploymentJobID = 1 and q.TableName = 'tblProduct' and UPPER(q.RecordAction) = 'DELETE' and q.ActiveFlag = 1","2007-03-18 21:51:29","0"
"72","1","update tblProduct set MarkedForDeletion = 0, WorkflowStatus = 'LIVE', DeploymentJobId = 0, LastModifiedDate = getdate() from tblDeploymentQueue_U q, tblProduct cms where q.KeyNameValue = cms.ProductID and q.TableName = 'tblProduct' and q.DeploymentJobID = 1 and UPPER(q.RecordAction) = 'INSERT' and q.ActiveFlag = 1","2007-03-18 21:51:29","0"
"73","1","insert into tblDeploymentQueue_U (TableName, KeyName, KeyNameValue, RecordAction, DeploymentJobID, DeploymentDate, DeployedBy, ActiveFlag) select 'tblContentModule', 'ContentID', ContentID, case MarkedForDeletion when 1 then 'DELETE' else 'INSERT' end , 1, getdate(), 'System Administrator', 1 from tblContentModule where UPPER(WorkflowStatus) = 'PENDING DEPLOYMENT'","2007-03-18 21:51:29","0"
"74","1","delete tblContentModule_LIVE from tblDeploymentQueue_U q, tblContentModule_LIVE l where q.KeyNameValue = l.ContentID and q.DeploymentJobID = 1 and q.TableName = 'tblContentModule' and UPPER(q.RecordAction) in ('DELETE','INSERT') and q.ActiveFlag = 1","2007-03-18 21:51:29","0"
"75","1","insert into tblContentModule_LIVE select fn_a.Title, fn_a.Content, fn_a.PublishDate, fn_a.ExpirationDate, fn_a.WorkflowStatus, fn_a.LastModifiedDate, fn_a.LastModifiedBy, fn_a.ActiveFlag, fn_a.MarkedForDeletion, fn_a.DeploymentJobID, fn_a.ContentID from tblContentModule fn_a, tblDeploymentQueue_U q where q.KeyNameValue = fn_a.ContentID and q.DeploymentJobID = 1 and q.TableName = 'tblContentModule' and UPPER(q.RecordAction) = 'INSERT' and q.ActiveFlag = 1","2007-03-18 21:51:29","0"
"76","1","update tblContentModule_LIVE set MarkedForDeletion = 0, WorkflowStatus = 'LIVE', DeploymentJobId = 1 from tblDeploymentQueue_U q, tblContentModule_LIVE l where q.KeyNameValue = l.ContentID and q.TableName = 'tblContentModule' and q.DeploymentJobID = 1 and UPPER(q.RecordAction) = 'INSERT' and q.ActiveFlag = 1","2007-03-18 21:51:29","0"
"77","1","delete tblContentModule from tblDeploymentQueue_U q, tblContentModule cms where q.KeyNameValue = cms.ContentID and q.DeploymentJobID = 1 and q.TableName = 'tblContentModule' and UPPER(q.RecordAction) = 'DELETE' and q.ActiveFlag = 1","2007-03-18 21:51:29","0"
"78","1","update tblContentModule set MarkedForDeletion = 0, WorkflowStatus = 'LIVE', DeploymentJobId = 0, LastModifiedDate = getdate() from tblDeploymentQueue_U q, tblContentModule cms where q.KeyNameValue = cms.ContentID and q.TableName = 'tblContentModule' and q.DeploymentJobID = 1 and UPPER(q.RecordAction) = 'INSERT' and q.ActiveFlag = 1","2007-03-18 21:51:29","0"
"79","1","insert into tblDeploymentQueue_U (TableName, KeyName, KeyNameValue, RecordAction, DeploymentJobID, DeploymentDate, DeployedBy, ActiveFlag) select 'tblQuestionnaireModule', 'QuestionnaireModuleID', QuestionnaireModuleID, case MarkedForDeletion when 1 then 'DELETE' else 'INSERT' end , 1, getdate(), 'System Administrator', 1 from tblQuestionnaireModule where UPPER(WorkflowStatus) = 'PENDING DEPLOYMENT'","2007-03-18 21:51:29","0"
"80","1","delete tblQuestionnaireModule_LIVE from tblDeploymentQueue_U q, tblQuestionnaireModule_LIVE l where q.KeyNameValue = l.QuestionnaireModuleID and q.DeploymentJobID = 1 and q.TableName = 'tblQuestionnaireModule' and UPPER(q.RecordAction) in ('DELETE','INSERT') and q.ActiveFlag = 1","2007-03-18 21:51:29","0"
"81","1","insert into tblQuestionnaireModule_LIVE select fn_a.BusinessUnitID, fn_a.Title, fn_a.Blurb, fn_a.ResponseEmail, fn_a.PublishDate, fn_a.ExpirationDate, fn_a.WorkflowStatus, fn_a.LastModifiedDate, fn_a.LastModifiedBy, fn_a.ActiveFlag, fn_a.MarkedForDeletion, fn_a.DeploymentJobID, fn_a.QuestionnaireModuleID from tblQuestionnaireModule fn_a, tblDeploymentQueue_U q where q.KeyNameValue = fn_a.QuestionnaireModuleID and q.DeploymentJobID = 1 and q.TableName = 'tblQuestionnaireModule' and UPPER(q.RecordAction) = 'INSERT' and q.ActiveFlag = 1","2007-03-18 21:51:29","0"
"82","1","update tblQuestionnaireModule_LIVE set MarkedForDeletion = 0, WorkflowStatus = 'LIVE', DeploymentJobId = 1 from tblDeploymentQueue_U q, tblQuestionnaireModule_LIVE l where q.KeyNameValue = l.QuestionnaireModuleID and q.TableName = 'tblQuestionnaireModule' and q.DeploymentJobID = 1 and UPPER(q.RecordAction) = 'INSERT' and q.ActiveFlag = 1","2007-03-18 21:51:29","0"
"83","1","delete tblQuestionnaireModule from tblDeploymentQueue_U q, tblQuestionnaireModule cms where q.KeyNameValue = cms.QuestionnaireModuleID and q.DeploymentJobID = 1 and q.TableName = 'tblQuestionnaireModule' and UPPER(q.RecordAction) = 'DELETE' and q.ActiveFlag = 1","2007-03-18 21:51:29","0"
"84","1","update tblQuestionnaireModule set MarkedForDeletion = 0, WorkflowStatus = 'LIVE', DeploymentJobId = 0, LastModifiedDate = getdate() from tblDeploymentQueue_U q, tblQuestionnaireModule cms where q.KeyNameValue = cms.QuestionnaireModuleID and q.TableName = 'tblQuestionnaireModule' and q.DeploymentJobID = 1 and UPPER(q.RecordAction) = 'INSERT' and q.ActiveFlag = 1","2007-03-18 21:51:29","0"
"85","1","insert into tblDeploymentQueue_U (TableName, KeyName, KeyNameValue, RecordAction, DeploymentJobID, DeploymentDate, DeployedBy, ActiveFlag) select 'tblQuestions', 'QuestionID', QuestionID, case MarkedForDeletion when 1 then 'DELETE' else 'INSERT' end , 1, getdate(), 'System Administrator', 1 from tblQuestions where UPPER(WorkflowStatus) = 'PENDING DEPLOYMENT'","2007-03-18 21:51:29","0"
"86","1","delete tblQuestions_LIVE from tblDeploymentQueue_U q, tblQuestions_LIVE l where q.KeyNameValue = l.QuestionID and q.DeploymentJobID = 1 and q.TableName = 'tblQuestions' and UPPER(q.RecordAction) in ('DELETE','INSERT') and q.ActiveFlag = 1","2007-03-18 21:51:29","0"
"87","1","insert into tblQuestions_LIVE select fn_a.QuestionnaireModuleID, fn_a.Question, fn_a.QuestOrder, fn_a.AnswerType, fn_a.PossibleResponses, fn_a.PublishDate, fn_a.ExpirationDate, fn_a.WorkflowStatus, fn_a.LastModifiedDate, fn_a.LastModifiedBy, fn_a.ActiveFlag, fn_a.MarkedForDeletion, fn_a.DeploymentJobID, fn_a.QuestionID from tblQuestions fn_a, tblDeploymentQueue_U q where q.KeyNameValue = fn_a.QuestionID and q.DeploymentJobID = 1 and q.TableName = 'tblQuestions' and UPPER(q.RecordAction) = 'INSERT' and q.ActiveFlag = 1","2007-03-18 21:51:29","0"
"88","1","update tblQuestions_LIVE set MarkedForDeletion = 0, WorkflowStatus = 'LIVE', DeploymentJobId = 1 from tblDeploymentQueue_U q, tblQuestions_LIVE l where q.KeyNameValue = l.QuestionID and q.TableName = 'tblQuestions' and q.DeploymentJobID = 1 and UPPER(q.RecordAction) = 'INSERT' and q.ActiveFlag = 1","2007-03-18 21:51:29","0"
"89","1","delete tblQuestions from tblDeploymentQueue_U q, tblQuestions cms where q.KeyNameValue = cms.QuestionID and q.DeploymentJobID = 1 and q.TableName = 'tblQuestions' and UPPER(q.RecordAction) = 'DELETE' and q.ActiveFlag = 1","2007-03-18 21:51:29","0"
"90","1","update tblQuestions set MarkedForDeletion = 0, WorkflowStatus = 'LIVE', DeploymentJobId = 0, LastModifiedDate = getdate() from tblDeploymentQueue_U q, tblQuestions cms where q.KeyNameValue = cms.QuestionID and q.TableName = 'tblQuestions' and q.DeploymentJobID = 1 and UPPER(q.RecordAction) = 'INSERT' and q.ActiveFlag = 1","2007-03-18 21:51:29","0"
"91","1","insert into tblDeploymentQueue_U (TableName, KeyName, KeyNameValue, RecordAction, DeploymentJobID, DeploymentDate, DeployedBy, ActiveFlag) select 'tblDocument', 'DocumentID', DocumentID, case MarkedForDeletion when 1 then 'DELETE' else 'INSERT' end , 1, getdate(), 'System Administrator', 1 from tblDocument where UPPER(WorkflowStatus) = 'PENDING DEPLOYMENT'","2007-03-18 21:51:29","0"
"92","1","delete tblDocument_LIVE from tblDeploymentQueue_U q, tblDocument_LIVE l where q.KeyNameValue = l.DocumentID and q.DeploymentJobID = 1 and q.TableName = 'tblDocument' and UPPER(q.RecordAction) in ('DELETE','INSERT') and q.ActiveFlag = 1","2007-03-18 21:51:29","0"
"93","1","insert into tblDocument_LIVE select fn_a.ProductID, fn_a.RegionID, fn_a.DocTitle, fn_a.DocPath, fn_a.ContentType, fn_a.DocumentType, fn_a.UploadDate, fn_a.PublishDate, fn_a.ExpirationDate, fn_a.WorkflowStatus, fn_a.LastModifiedDate, fn_a.LastModifiedBy, fn_a.ActiveFlag, fn_a.MarkedForDeletion, fn_a.DeploymentJobID, fn_a.DocumentID from tblDocument fn_a, tblDeploymentQueue_U q where q.KeyNameValue = fn_a.DocumentID and q.DeploymentJobID = 1 and q.TableName = 'tblDocument' and UPPER(q.RecordAction) = 'INSERT' and q.ActiveFlag = 1","2007-03-18 21:51:29","0"
"94","1","update tblDocument_LIVE set MarkedForDeletion = 0, WorkflowStatus = 'LIVE', DeploymentJobId = 1 from tblDeploymentQueue_U q, tblDocument_LIVE l where q.KeyNameValue = l.DocumentID and q.TableName = 'tblDocument' and q.DeploymentJobID = 1 and UPPER(q.RecordAction) = 'INSERT' and q.ActiveFlag = 1","2007-03-18 21:51:29","0"
"95","1","delete tblDocument from tblDeploymentQueue_U q, tblDocument cms where q.KeyNameValue = cms.DocumentID and q.DeploymentJobID = 1 and q.TableName = 'tblDocument' and UPPER(q.RecordAction) = 'DELETE' and q.ActiveFlag = 1","2007-03-18 21:51:29","0"
"96","1","update tblDocument set MarkedForDeletion = 0, WorkflowStatus = 'LIVE', DeploymentJobId = 0, LastModifiedDate = getdate() from tblDeploymentQueue_U q, tblDocument cms where q.KeyNameValue = cms.DocumentID and q.TableName = 'tblDocument' and q.DeploymentJobID = 1 and UPPER(q.RecordAction) = 'INSERT' and q.ActiveFlag = 1","2007-03-18 21:51:29","0"
"97","1","insert into tblDeploymentQueue_U (TableName, KeyName, KeyNameValue, RecordAction, DeploymentJobID, DeploymentDate, DeployedBy, ActiveFlag) select 'tblHeaderSideContentModule', 'HeaderSideContentModuleID', HeaderSideContentModuleID, case MarkedForDeletion when 1 then 'DELETE' else 'INSERT' end , 1, getdate(), 'System Administrator', 1 from tblHeaderSideContentModule where UPPER(WorkflowStatus) = 'PENDING DEPLOYMENT'","2007-03-18 21:51:29","0"
"98","1","delete tblHeaderSideContentModule_LIVE from tblDeploymentQueue_U q, tblHeaderSideContentModule_LIVE l where q.KeyNameValue = l.HeaderSideContentModuleID and q.DeploymentJobID = 1 and q.TableName = 'tblHeaderSideContentModule' and UPPER(q.RecordAction) in ('DELETE','INSERT') and q.ActiveFlag = 1","2007-03-18 21:51:29","0"
"99","1","insert into tblHeaderSideContentModule_LIVE select fn_a.Title, fn_a.LineText1, fn_a.InternalLink1, fn_a.InternalLink1Type, fn_a.ExternalLink1, fn_a.LineText2, fn_a.InternalLink2, fn_a.InternalLink2Type, fn_a.ExternalLink2, fn_a.PublishDate, fn_a.ExpirationDate, fn_a.WorkflowStatus, fn_a.LastModifiedDate, fn_a.LastModifiedBy, fn_a.ActiveFlag, fn_a.MarkedForDeletion, fn_a.DeploymentJobID, fn_a.HeaderSideContentModuleID from tblHeaderSideContentModule fn_a, tblDeploymentQueue_U q where q.KeyNameValue = fn_a.HeaderSideContentModuleID and q.DeploymentJobID = 1 and q.TableName = 'tblHeaderSideContentModule' and UPPER(q.RecordAction) = 'INSERT' and q.ActiveFlag = 1","2007-03-18 21:51:29","0"
"100","1","update tblHeaderSideContentModule_LIVE set MarkedForDeletion = 0, WorkflowStatus = 'LIVE', DeploymentJobId = 1 from tblDeploymentQueue_U q, tblHeaderSideContentModule_LIVE l where q.KeyNameValue = l.HeaderSideContentModuleID and q.TableName = 'tblHeaderSideContentModule' and q.DeploymentJobID = 1 and UPPER(q.RecordAction) = 'INSERT' and q.ActiveFlag = 1","2007-03-18 21:51:29","0"
"101","1","delete tblHeaderSideContentModule from tblDeploymentQueue_U q, tblHeaderSideContentModule cms where q.KeyNameValue = cms.HeaderSideContentModuleID and q.DeploymentJobID = 1 and q.TableName = 'tblHeaderSideContentModule' and UPPER(q.RecordAction) = 'DELETE' and q.ActiveFlag = 1","2007-03-18 21:51:29","0"
"102","1","update tblHeaderSideContentModule set MarkedForDeletion = 0, WorkflowStatus = 'LIVE', DeploymentJobId = 0, LastModifiedDate = getdate() from tblDeploymentQueue_U q, tblHeaderSideContentModule cms where q.KeyNameValue = cms.HeaderSideContentModuleID and q.TableName = 'tblHeaderSideContentModule' and q.DeploymentJobID = 1 and UPPER(q.RecordAction) = 'INSERT' and q.ActiveFlag = 1","2007-03-18 21:51:29","0"
"103","1","insert into tblDeploymentQueue_U (TableName, KeyName, KeyNameValue, RecordAction, DeploymentJobID, DeploymentDate, DeployedBy, ActiveFlag) select 'tblImageModule', 'ImageModuleID', ImageModuleID, case MarkedForDeletion when 1 then 'DELETE' else 'INSERT' end , 1, getdate(), 'System Administrator', 1 from tblImageModule where UPPER(WorkflowStatus) = 'PENDING DEPLOYMENT'","2007-03-18 21:51:29","0"
"104","1","delete tblImageModule_LIVE from tblDeploymentQueue_U q, tblImageModule_LIVE l where q.KeyNameValue = l.ImageModuleID and q.DeploymentJobID = 1 and q.TableName = 'tblImageModule' and UPPER(q.RecordAction) in ('DELETE','INSERT') and q.ActiveFlag = 1","2007-03-18 21:51:29","0"
"105","1","insert into tblImageModule_LIVE select fn_a.ImageID, fn_a.ImageType, fn_a.ImageOrder, fn_a.WelcomeImageID, fn_a.WelcomeTitle, fn_a.WelcomeLinkPageID, fn_a.WelcomeLinkPageIDList, fn_a.WelcomeLinkTextList, fn_a.RelatedImageModuleID, fn_a.PublishDate, fn_a.ExpirationDate, fn_a.WorkflowStatus, fn_a.LastModifiedDate, fn_a.LastModifiedBy, fn_a.ActiveFlag, fn_a.MarkedForDeletion, fn_a.DeploymentJobID, fn_a.ImageModuleID from tblImageModule fn_a, tblDeploymentQueue_U q where q.KeyNameValue = fn_a.ImageModuleID and q.DeploymentJobID = 1 and q.TableName = 'tblImageModule' and UPPER(q.RecordAction) = 'INSERT' and q.ActiveFlag = 1","2007-03-18 21:51:30","0"
"106","1","update tblImageModule_LIVE set MarkedForDeletion = 0, WorkflowStatus = 'LIVE', DeploymentJobId = 1 from tblDeploymentQueue_U q, tblImageModule_LIVE l where q.KeyNameValue = l.ImageModuleID and q.TableName = 'tblImageModule' and q.DeploymentJobID = 1 and UPPER(q.RecordAction) = 'INSERT' and q.ActiveFlag = 1","2007-03-18 21:51:30","0"
"107","1","delete tblImageModule from tblDeploymentQueue_U q, tblImageModule cms where q.KeyNameValue = cms.ImageModuleID and q.DeploymentJobID = 1 and q.TableName = 'tblImageModule' and UPPER(q.RecordAction) = 'DELETE' and q.ActiveFlag = 1","2007-03-18 21:51:30","0"
"108","1","update tblImageModule set MarkedForDeletion = 0, WorkflowStatus = 'LIVE', DeploymentJobId = 0, LastModifiedDate = getdate() from tblDeploymentQueue_U q, tblImageModule cms where q.KeyNameValue = cms.ImageModuleID and q.TableName = 'tblImageModule' and q.DeploymentJobID = 1 and UPPER(q.RecordAction) = 'INSERT' and q.ActiveFlag = 1","2007-03-18 21:51:30","0"
"109","1","insert into tblDeploymentQueue_U (TableName, KeyName, KeyNameValue, RecordAction, DeploymentJobID, DeploymentDate, DeployedBy, ActiveFlag) select 'tblProductAttributeReln', 'ProdAttribRelnID', ProdAttribRelnID, case MarkedForDeletion when 1 then 'DELETE' else 'INSERT' end , 1, getdate(), 'System Administrator', 1 from tblProductAttributeReln where UPPER(WorkflowStatus) = 'PENDING DEPLOYMENT'","2007-03-18 21:51:30","0"
"110","1","delete tblProductAttributeReln_LIVE from tblDeploymentQueue_U q, tblProductAttributeReln_LIVE l where q.KeyNameValue = l.ProdAttribRelnID and q.DeploymentJobID = 1 and q.TableName = 'tblProductAttributeReln' and UPPER(q.RecordAction) in ('DELETE','INSERT') and q.ActiveFlag = 1","2007-03-18 21:51:30","0"
"111","1","insert into tblProductAttributeReln_LIVE select fn_a.AttribTypeID, fn_a.ProductID, fn_a.AttribValue, fn_a.PublishDate, fn_a.ExpirationDate, fn_a.WorkflowStatus, fn_a.LastModifiedDate, fn_a.LastModifiedBy, fn_a.ActiveFlag, fn_a.MarkedForDeletion, fn_a.DeploymentJobID, fn_a.ProdAttribRelnID from tblProductAttributeReln fn_a, tblDeploymentQueue_U q where q.KeyNameValue = fn_a.ProdAttribRelnID and q.DeploymentJobID = 1 and q.TableName = 'tblProductAttributeReln' and UPPER(q.RecordAction) = 'INSERT' and q.ActiveFlag = 1","2007-03-18 21:51:30","0"
"112","1","update tblProductAttributeReln_LIVE set MarkedForDeletion = 0, WorkflowStatus = 'LIVE', DeploymentJobId = 1 from tblDeploymentQueue_U q, tblProductAttributeReln_LIVE l where q.KeyNameValue = l.ProdAttribRelnID and q.TableName = 'tblProductAttributeReln' and q.DeploymentJobID = 1 and UPPER(q.RecordAction) = 'INSERT' and q.ActiveFlag = 1","2007-03-18 21:51:30","0"
"113","1","delete tblProductAttributeReln from tblDeploymentQueue_U q, tblProductAttributeReln cms where q.KeyNameValue = cms.ProdAttribRelnID and q.DeploymentJobID = 1 and q.TableName = 'tblProductAttributeReln' and UPPER(q.RecordAction) = 'DELETE' and q.ActiveFlag = 1","2007-03-18 21:51:30","0"
"114","1","update tblProductAttributeReln set MarkedForDeletion = 0, WorkflowStatus = 'LIVE', DeploymentJobId = 0, LastModifiedDate = getdate() from tblDeploymentQueue_U q, tblProductAttributeReln cms where q.KeyNameValue = cms.ProdAttribRelnID and q.TableName = 'tblProductAttributeReln' and q.DeploymentJobID = 1 and UPPER(q.RecordAction) = 'INSERT' and q.ActiveFlag = 1","2007-03-18 21:51:30","0"
"115","1","insert into tblDeploymentQueue_U (TableName, KeyName, KeyNameValue, RecordAction, DeploymentJobID, DeploymentDate, DeployedBy, ActiveFlag) select 'tblDocumentModuleReln', 'DocumentModuleRelnID', DocumentModuleRelnID, case MarkedForDeletion when 1 then 'DELETE' else 'INSERT' end , 1, getdate(), 'System Administrator', 1 from tblDocumentModuleReln where UPPER(WorkflowStatus) = 'PENDING DEPLOYMENT'","2007-03-18 21:51:30","0"
"116","1","delete tblDocumentModuleReln_LIVE from tblDeploymentQueue_U q, tblDocumentModuleReln_LIVE l where q.KeyNameValue = l.DocumentModuleRelnID and q.DeploymentJobID = 1 and q.TableName = 'tblDocumentModuleReln' and UPPER(q.RecordAction) in ('DELETE','INSERT') and q.ActiveFlag = 1","2007-03-18 21:51:30","0"
"117","1","insert into tblDocumentModuleReln_LIVE select fn_a.DocumentID, fn_a.LinkText, fn_a.SectionID, fn_a.PublishDate, fn_a.ExpirationDate, fn_a.WorkflowStatus, fn_a.LastModifiedDate, fn_a.LastModifiedBy, fn_a.ActiveFlag, fn_a.MarkedForDeletion, fn_a.DeploymentJobID, fn_a.DocumentModuleRelnID from tblDocumentModuleReln fn_a, tblDeploymentQueue_U q where q.KeyNameValue = fn_a.DocumentModuleRelnID and q.DeploymentJobID = 1 and q.TableName = 'tblDocumentModuleReln' and UPPER(q.RecordAction) = 'INSERT' and q.ActiveFlag = 1","2007-03-18 21:51:30","0"
"118","1","update tblDocumentModuleReln_LIVE set MarkedForDeletion = 0, WorkflowStatus = 'LIVE', DeploymentJobId = 1 from tblDeploymentQueue_U q, tblDocumentModuleReln_LIVE l where q.KeyNameValue = l.DocumentModuleRelnID and q.TableName = 'tblDocumentModuleReln' and q.DeploymentJobID = 1 and UPPER(q.RecordAction) = 'INSERT' and q.ActiveFlag = 1","2007-03-18 21:51:30","0"
"119","1","delete tblDocumentModuleReln from tblDeploymentQueue_U q, tblDocumentModuleReln cms where q.KeyNameValue = cms.DocumentModuleRelnID and q.DeploymentJobID = 1 and q.TableName = 'tblDocumentModuleReln' and UPPER(q.RecordAction) = 'DELETE' and q.ActiveFlag = 1","2007-03-18 21:51:30","0"
"120","1","update tblDocumentModuleReln set MarkedForDeletion = 0, WorkflowStatus = 'LIVE', DeploymentJobId = 0, LastModifiedDate = getdate() from tblDeploymentQueue_U q, tblDocumentModuleReln cms where q.KeyNameValue = cms.DocumentModuleRelnID and q.TableName = 'tblDocumentModuleReln' and q.DeploymentJobID = 1 and UPPER(q.RecordAction) = 'INSERT' and q.ActiveFlag = 1","2007-03-18 21:51:30","0"
"121","1","insert into tblDeploymentQueue_U (TableName, KeyName, KeyNameValue, RecordAction, DeploymentJobID, DeploymentDate, DeployedBy, ActiveFlag) select 'tblProductSearchAttribReln', 'ProdSearchAttribRelnID', ProdSearchAttribRelnID, case MarkedForDeletion when 1 then 'DELETE' else 'INSERT' end , 1, getdate(), 'System Administrator', 1 from tblProductSearchAttribReln where UPPER(WorkflowStatus) = 'PENDING DEPLOYMENT'","2007-03-18 21:51:30","0"
"122","1","delete tblProductSearchAttribReln_LIVE from tblDeploymentQueue_U q, tblProductSearchAttribReln_LIVE l where q.KeyNameValue = l.ProdSearchAttribRelnID and q.DeploymentJobID = 1 and q.TableName = 'tblProductSearchAttribReln' and UPPER(q.RecordAction) in ('DELETE','INSERT') and q.ActiveFlag = 1","2007-03-18 21:51:30","0"
"123","1","insert into tblProductSearchAttribReln_LIVE select fn_a.SearchAttribTypeID, fn_a.ProductID, fn_a.PublishDate, fn_a.ExpirationDate, fn_a.WorkflowStatus, fn_a.LastModifiedDate, fn_a.LastModifiedBy, fn_a.ActiveFlag, fn_a.MarkedForDeletion, fn_a.DeploymentJobID, fn_a.ProdSearchAttribRelnID from tblProductSearchAttribReln fn_a, tblDeploymentQueue_U q where q.KeyNameValue = fn_a.ProdSearchAttribRelnID and q.DeploymentJobID = 1 and q.TableName = 'tblProductSearchAttribReln' and UPPER(q.RecordAction) = 'INSERT' and q.ActiveFlag = 1","2007-03-18 21:51:30","0"
"124","1","update tblProductSearchAttribReln_LIVE set MarkedForDeletion = 0, WorkflowStatus = 'LIVE', DeploymentJobId = 1 from tblDeploymentQueue_U q, tblProductSearchAttribReln_LIVE l where q.KeyNameValue = l.ProdSearchAttribRelnID and q.TableName = 'tblProductSearchAttribReln' and q.DeploymentJobID = 1 and UPPER(q.RecordAction) = 'INSERT' and q.ActiveFlag = 1","2007-03-18 21:51:30","0"
"125","1","delete tblProductSearchAttribReln from tblDeploymentQueue_U q, tblProductSearchAttribReln cms where q.KeyNameValue = cms.ProdSearchAttribRelnID and q.DeploymentJobID = 1 and q.TableName = 'tblProductSearchAttribReln' and UPPER(q.RecordAction) = 'DELETE' and q.ActiveFlag = 1","2007-03-18 21:51:30","0"
"126","1","update tblProductSearchAttribReln set MarkedForDeletion = 0, WorkflowStatus = 'LIVE', DeploymentJobId = 0, LastModifiedDate = getdate() from tblDeploymentQueue_U q, tblProductSearchAttribReln cms where q.KeyNameValue = cms.ProdSearchAttribRelnID and q.TableName = 'tblProductSearchAttribReln' and q.DeploymentJobID = 1 and UPPER(q.RecordAction) = 'INSERT' and q.ActiveFlag = 1","2007-03-18 21:51:30","0"
"127","1","insert into tblDeploymentQueue_U (TableName, KeyName, KeyNameValue, RecordAction, DeploymentJobID, DeploymentDate, DeployedBy, ActiveFlag) select 'tblProductGrid', 'ProductGridID', ProductGridID, case MarkedForDeletion when 1 then 'DELETE' else 'INSERT' end , 1, getdate(), 'System Administrator', 1 from tblProductGrid where UPPER(WorkflowStatus) = 'PENDING DEPLOYMENT'","2007-03-18 21:51:30","0"
"128","1","delete tblProductGrid_LIVE from tblDeploymentQueue_U q, tblProductGrid_LIVE l where q.KeyNameValue = l.ProductGridID and q.DeploymentJobID = 1 and q.TableName = 'tblProductGrid' and UPPER(q.RecordAction) in ('DELETE','INSERT') and q.ActiveFlag = 1","2007-03-18 21:51:30","0"
"129","1","insert into tblProductGrid_LIVE select fn_a.ProductGridName, fn_a.BusinessUnitID, fn_a.PublishDate, fn_a.ExpirationDate, fn_a.WorkflowStatus, fn_a.LastModifiedDate, fn_a.LastModifiedBy, fn_a.ActiveFlag, fn_a.MarkedForDeletion, fn_a.DeploymentJobID, fn_a.ProductGridID from tblProductGrid fn_a, tblDeploymentQueue_U q where q.KeyNameValue = fn_a.ProductGridID and q.DeploymentJobID = 1 and q.TableName = 'tblProductGrid' and UPPER(q.RecordAction) = 'INSERT' and q.ActiveFlag = 1","2007-03-18 21:51:30","0"
"130","1","update tblProductGrid_LIVE set MarkedForDeletion = 0, WorkflowStatus = 'LIVE', DeploymentJobId = 1 from tblDeploymentQueue_U q, tblProductGrid_LIVE l where q.KeyNameValue = l.ProductGridID and q.TableName = 'tblProductGrid' and q.DeploymentJobID = 1 and UPPER(q.RecordAction) = 'INSERT' and q.ActiveFlag = 1","2007-03-18 21:51:30","0"
"131","1","delete tblProductGrid from tblDeploymentQueue_U q, tblProductGrid cms where q.KeyNameValue = cms.ProductGridID and q.DeploymentJobID = 1 and q.TableName = 'tblProductGrid' and UPPER(q.RecordAction) = 'DELETE' and q.ActiveFlag = 1","2007-03-18 21:51:30","0"
"132","1","update tblProductGrid set MarkedForDeletion = 0, WorkflowStatus = 'LIVE', DeploymentJobId = 0, LastModifiedDate = getdate() from tblDeploymentQueue_U q, tblProductGrid cms where q.KeyNameValue = cms.ProductGridID and q.TableName = 'tblProductGrid' and q.DeploymentJobID = 1 and UPPER(q.RecordAction) = 'INSERT' and q.ActiveFlag = 1","2007-03-18 21:51:30","0"
"133","1","insert into tblDeploymentQueue_U (TableName, KeyName, KeyNameValue, RecordAction, DeploymentJobID, DeploymentDate, DeployedBy, ActiveFlag) select 'tblProductGridRowDef', 'ProductGridRowDefID', ProductGridRowDefID, case MarkedForDeletion when 1 then 'DELETE' else 'INSERT' end , 1, getdate(), 'System Administrator', 1 from tblProductGridRowDef where UPPER(WorkflowStatus) = 'PENDING DEPLOYMENT'","2007-03-18 21:51:30","0"
"134","1","delete tblProductGridRowDef_LIVE from tblDeploymentQueue_U q, tblProductGridRowDef_LIVE l where q.KeyNameValue = l.ProductGridRowDefID and q.DeploymentJobID = 1 and q.TableName = 'tblProductGridRowDef' and UPPER(q.RecordAction) in ('DELETE','INSERT') and q.ActiveFlag = 1","2007-03-18 21:51:30","0"
"135","1","insert into tblProductGridRowDef_LIVE select fn_a.ProductGridID, fn_a.RowNumber, fn_a.ProductID, fn_a.PublishDate, fn_a.ExpirationDate, fn_a.WorkflowStatus, fn_a.LastModifiedDate, fn_a.LastModifiedBy, fn_a.ActiveFlag, fn_a.MarkedForDeletion, fn_a.DeploymentJobID, fn_a.ProductGridRowDefID from tblProductGridRowDef fn_a, tblDeploymentQueue_U q where q.KeyNameValue = fn_a.ProductGridRowDefID and q.DeploymentJobID = 1 and q.TableName = 'tblProductGridRowDef' and UPPER(q.RecordAction) = 'INSERT' and q.ActiveFlag = 1","2007-03-18 21:51:30","0"
"136","1","update tblProductGridRowDef_LIVE set MarkedForDeletion = 0, WorkflowStatus = 'LIVE', DeploymentJobId = 1 from tblDeploymentQueue_U q, tblProductGridRowDef_LIVE l where q.KeyNameValue = l.ProductGridRowDefID and q.TableName = 'tblProductGridRowDef' and q.DeploymentJobID = 1 and UPPER(q.RecordAction) = 'INSERT' and q.ActiveFlag = 1","2007-03-18 21:51:30","0"
"137","1","delete tblProductGridRowDef from tblDeploymentQueue_U q, tblProductGridRowDef cms where q.KeyNameValue = cms.ProductGridRowDefID and q.DeploymentJobID = 1 and q.TableName = 'tblProductGridRowDef' and UPPER(q.RecordAction) = 'DELETE' and q.ActiveFlag = 1","2007-03-18 21:51:30","0"
"138","1","update tblProductGridRowDef set MarkedForDeletion = 0, WorkflowStatus = 'LIVE', DeploymentJobId = 0, LastModifiedDate = getdate() from tblDeploymentQueue_U q, tblProductGridRowDef cms where q.KeyNameValue = cms.ProductGridRowDefID and q.TableName = 'tblProductGridRowDef' and q.DeploymentJobID = 1 and UPPER(q.RecordAction) = 'INSERT' and q.ActiveFlag = 1","2007-03-18 21:51:30","0"
"139","1","insert into tblDeploymentQueue_U (TableName, KeyName, KeyNameValue, RecordAction, DeploymentJobID, DeploymentDate, DeployedBy, ActiveFlag) select 'tblProductGridColDef', 'ProductGridColDefID', ProductGridColDefID, case MarkedForDeletion when 1 then 'DELETE' else 'INSERT' end , 1, getdate(), 'System Administrator', 1 from tblProductGridColDef where UPPER(WorkflowStatus) = 'PENDING DEPLOYMENT'","2007-03-18 21:51:30","0"
"140","1","delete tblProductGridColDef_LIVE from tblDeploymentQueue_U q, tblProductGridColDef_LIVE l where q.KeyNameValue = l.ProductGridColDefID and q.DeploymentJobID = 1 and q.TableName = 'tblProductGridColDef' and UPPER(q.RecordAction) in ('DELETE','INSERT') and q.ActiveFlag = 1","2007-03-18 21:51:30","0"
"141","1","insert into tblProductGridColDef_LIVE select fn_a.ProductGridID, fn_a.ColumnNumber, fn_a.AttribTypeID, fn_a.PublishDate, fn_a.ExpirationDate, fn_a.WorkflowStatus, fn_a.LastModifiedDate, fn_a.LastModifiedBy, fn_a.ActiveFlag, fn_a.MarkedForDeletion, fn_a.DeploymentJobID, fn_a.ProductGridColDefID from tblProductGridColDef fn_a, tblDeploymentQueue_U q where q.KeyNameValue = fn_a.ProductGridColDefID and q.DeploymentJobID = 1 and q.TableName = 'tblProductGridColDef' and UPPER(q.RecordAction) = 'INSERT' and q.ActiveFlag = 1","2007-03-18 21:51:30","0"
"142","1","update tblProductGridColDef_LIVE set MarkedForDeletion = 0, WorkflowStatus = 'LIVE', DeploymentJobId = 1 from tblDeploymentQueue_U q, tblProductGridColDef_LIVE l where q.KeyNameValue = l.ProductGridColDefID and q.TableName = 'tblProductGridColDef' and q.DeploymentJobID = 1 and UPPER(q.RecordAction) = 'INSERT' and q.ActiveFlag = 1","2007-03-18 21:51:30","0"
"143","1","delete tblProductGridColDef from tblDeploymentQueue_U q, tblProductGridColDef cms where q.KeyNameValue = cms.ProductGridColDefID and q.DeploymentJobID = 1 and q.TableName = 'tblProductGridColDef' and UPPER(q.RecordAction) = 'DELETE' and q.ActiveFlag = 1","2007-03-18 21:51:30","0"
"144","1","update tblProductGridColDef set MarkedForDeletion = 0, WorkflowStatus = 'LIVE', DeploymentJobId = 0, LastModifiedDate = getdate() from tblDeploymentQueue_U q, tblProductGridColDef cms where q.KeyNameValue = cms.ProductGridColDefID and q.TableName = 'tblProductGridColDef' and q.DeploymentJobID = 1 and UPPER(q.RecordAction) = 'INSERT' and q.ActiveFlag = 1","2007-03-18 21:51:30","0"
"145","1","insert into tblDeploymentQueue_U (TableName, KeyName, KeyNameValue, RecordAction, DeploymentJobID, DeploymentDate, DeployedBy, ActiveFlag) select 'tblProductGridModule', 'ProductGridModuleID', ProductGridModuleID, case MarkedForDeletion when 1 then 'DELETE' else 'INSERT' end , 1, getdate(), 'System Administrator', 1 from tblProductGridModule where UPPER(WorkflowStatus) = 'PENDING DEPLOYMENT'","2007-03-18 21:51:30","0"
"146","1","delete tblProductGridModule_LIVE from tblDeploymentQueue_U q, tblProductGridModule_LIVE l where q.KeyNameValue = l.ProductGridModuleID and q.DeploymentJobID = 1 and q.TableName = 'tblProductGridModule' and UPPER(q.RecordAction) in ('DELETE','INSERT') and q.ActiveFlag = 1","2007-03-18 21:51:30","0"
"147","1","insert into tblProductGridModule_LIVE select fn_a.ProductGridTitle, fn_a.ProductGridBlurb, fn_a.ProductGridID, fn_a.ModuleOrder, fn_a.PublishDate, fn_a.ExpirationDate, fn_a.WorkflowStatus, fn_a.LastModifiedDate, fn_a.LastModifiedBy, fn_a.ActiveFlag, fn_a.MarkedForDeletion, fn_a.DeploymentJobID, fn_a.ProductGridModuleID from tblProductGridModule fn_a, tblDeploymentQueue_U q where q.KeyNameValue = fn_a.ProductGridModuleID and q.DeploymentJobID = 1 and q.TableName = 'tblProductGridModule' and UPPER(q.RecordAction) = 'INSERT' and q.ActiveFlag = 1","2007-03-18 21:51:30","0"
"148","1","update tblProductGridModule_LIVE set MarkedForDeletion = 0, WorkflowStatus = 'LIVE', DeploymentJobId = 1 from tblDeploymentQueue_U q, tblProductGridModule_LIVE l where q.KeyNameValue = l.ProductGridModuleID and q.TableName = 'tblProductGridModule' and q.DeploymentJobID = 1 and UPPER(q.RecordAction) = 'INSERT' and q.ActiveFlag = 1","2007-03-18 21:51:30","0"
"149","1","delete tblProductGridModule from tblDeploymentQueue_U q, tblProductGridModule cms where q.KeyNameValue = cms.ProductGridModuleID and q.DeploymentJobID = 1 and q.TableName = 'tblProductGridModule' and UPPER(q.RecordAction) = 'DELETE' and q.ActiveFlag = 1","2007-03-18 21:51:30","0"
"150","1","update tblProductGridModule set MarkedForDeletion = 0, WorkflowStatus = 'LIVE', DeploymentJobId = 0, LastModifiedDate = getdate() from tblDeploymentQueue_U q, tblProductGridModule cms where q.KeyNameValue = cms.ProductGridModuleID and q.TableName = 'tblProductGridModule' and q.DeploymentJobID = 1 and UPPER(q.RecordAction) = 'INSERT' and q.ActiveFlag = 1","2007-03-18 21:51:30","0"
"151","1","insert into tblDeploymentQueue_U (TableName, KeyName, KeyNameValue, RecordAction, DeploymentJobID, DeploymentDate, DeployedBy, ActiveFlag) select 'tblSideNavProdCategory', 'ProdCatID', ProdCatID, case MarkedForDeletion when 1 then 'DELETE' else 'INSERT' end , 1, getdate(), 'System Administrator', 1 from tblSideNavProdCategory where UPPER(WorkflowStatus) = 'PENDING DEPLOYMENT'","2007-03-18 21:51:30","0"
"152","1","delete tblSideNavProdCategory_LIVE from tblDeploymentQueue_U q, tblSideNavProdCategory_LIVE l where q.KeyNameValue = l.ProdCatID and q.DeploymentJobID = 1 and q.TableName = 'tblSideNavProdCategory' and UPPER(q.RecordAction) in ('DELETE','INSERT') and q.ActiveFlag = 1","2007-03-18 21:51:30","0"
"153","1","insert into tblSideNavProdCategory_LIVE select fn_a.CategoryName, fn_a.BusinessUnitID, fn_a.MarketID, fn_a.CategoryOrder, fn_a.PublishDate, fn_a.ExpirationDate, fn_a.WorkflowStatus, fn_a.LastModifiedDate, fn_a.LastModifiedBy, fn_a.ActiveFlag, fn_a.MarkedForDeletion, fn_a.DeploymentJobID, fn_a.ProdCatID from tblSideNavProdCategory fn_a, tblDeploymentQueue_U q where q.KeyNameValue = fn_a.ProdCatID and q.DeploymentJobID = 1 and q.TableName = 'tblSideNavProdCategory' and UPPER(q.RecordAction) = 'INSERT' and q.ActiveFlag = 1","2007-03-18 21:51:30","0"
"154","1","update tblSideNavProdCategory_LIVE set MarkedForDeletion = 0, WorkflowStatus = 'LIVE', DeploymentJobId = 1 from tblDeploymentQueue_U q, tblSideNavProdCategory_LIVE l where q.KeyNameValue = l.ProdCatID and q.TableName = 'tblSideNavProdCategory' and q.DeploymentJobID = 1 and UPPER(q.RecordAction) = 'INSERT' and q.ActiveFlag = 1","2007-03-18 21:51:30","0"
"155","1","delete tblSideNavProdCategory from tblDeploymentQueue_U q, tblSideNavProdCategory cms where q.KeyNameValue = cms.ProdCatID and q.DeploymentJobID = 1 and q.TableName = 'tblSideNavProdCategory' and UPPER(q.RecordAction) = 'DELETE' and q.ActiveFlag = 1","2007-03-18 21:51:30","0"
"156","1","update tblSideNavProdCategory set MarkedForDeletion = 0, WorkflowStatus = 'LIVE', DeploymentJobId = 0, LastModifiedDate = getdate() from tblDeploymentQueue_U q, tblSideNavProdCategory cms where q.KeyNameValue = cms.ProdCatID and q.TableName = 'tblSideNavProdCategory' and q.DeploymentJobID = 1 and UPPER(q.RecordAction) = 'INSERT' and q.ActiveFlag = 1","2007-03-18 21:51:30","0"
"157","1","insert into tblDeploymentQueue_U (TableName, KeyName, KeyNameValue, RecordAction, DeploymentJobID, DeploymentDate, DeployedBy, ActiveFlag) select 'tblPageModuleReln', 'PageModuleRelnID', PageModuleRelnID, case MarkedForDeletion when 1 then 'DELETE' else 'INSERT' end , 1, getdate(), 'System Administrator', 1 from tblPageModuleReln where UPPER(WorkflowStatus) = 'PENDING DEPLOYMENT'","2007-03-18 21:51:30","0"
"158","1","delete tblPageModuleReln_LIVE from tblDeploymentQueue_U q, tblPageModuleReln_LIVE l where q.KeyNameValue = l.PageModuleRelnID and q.DeploymentJobID = 1 and q.TableName = 'tblPageModuleReln' and UPPER(q.RecordAction) in ('DELETE','INSERT') and q.ActiveFlag = 1","2007-03-18 21:51:30","0"
"159","1","insert into tblPageModuleReln_LIVE select fn_a.PageID, fn_a.SourceID, fn_a.SourceName, fn_a.ModuleOrder, fn_a.ShowTitle, fn_a.PublishDate, fn_a.ExpirationDate, fn_a.WorkflowStatus, fn_a.LastModifiedDate, fn_a.LastModifiedBy, fn_a.ActiveFlag, fn_a.MarkedForDeletion, fn_a.DeploymentJobID, fn_a.PageModuleRelnID from tblPageModuleReln fn_a, tblDeploymentQueue_U q where q.KeyNameValue = fn_a.PageModuleRelnID and q.DeploymentJobID = 1 and q.TableName = 'tblPageModuleReln' and UPPER(q.RecordAction) = 'INSERT' and q.ActiveFlag = 1","2007-03-18 21:51:30","0"
"160","1","update tblPageModuleReln_LIVE set MarkedForDeletion = 0, WorkflowStatus = 'LIVE', DeploymentJobId = 1 from tblDeploymentQueue_U q, tblPageModuleReln_LIVE l where q.KeyNameValue = l.PageModuleRelnID and q.TableName = 'tblPageModuleReln' and q.DeploymentJobID = 1 and UPPER(q.RecordAction) = 'INSERT' and q.ActiveFlag = 1","2007-03-18 21:51:30","0"
"161","1","delete tblPageModuleReln from tblDeploymentQueue_U q, tblPageModuleReln cms where q.KeyNameValue = cms.PageModuleRelnID and q.DeploymentJobID = 1 and q.TableName = 'tblPageModuleReln' and UPPER(q.RecordAction) = 'DELETE' and q.ActiveFlag = 1","2007-03-18 21:51:30","0"
"162","1","update tblPageModuleReln set MarkedForDeletion = 0, WorkflowStatus = 'LIVE', DeploymentJobId = 0, LastModifiedDate = getdate() from tblDeploymentQueue_U q, tblPageModuleReln cms where q.KeyNameValue = cms.PageModuleRelnID and q.TableName = 'tblPageModuleReln' and q.DeploymentJobID = 1 and UPPER(q.RecordAction) = 'INSERT' and q.ActiveFlag = 1","2007-03-18 21:51:30","0"
