"ImageID","ImageType","ImageOrder","WelcomeImageID","WelcomeTitle","WelcomeLinkPageID","WelcomeLinkPageIDList","WelcomeLinkTextList","RelatedImageModuleID","PublishDate","ExpirationDate","WorkflowStatus","LastModifiedDate","LastModifiedBy","ActiveFlag","MarkedForDeletion","DeploymentJobID","ImageModuleID"
"2","HEADER IMAGE","1","","","","","","","2007-03-18 00:00:00","2037-03-18 00:00:00","LIVE","2007-03-18 21:51:00","1","1","0","1","1"
"4","HEADER IMAGE","1","","","","","","","2007-03-18 00:00:00","2037-03-18 00:00:00","LIVE","2007-03-18 21:51:00","1","1","0","1","2"
"5","NAVIGATION ON","1","","","","","","","2007-03-18 00:00:00","2037-03-18 00:00:00","LIVE","2007-03-18 21:51:00","1","1","0","1","3"
"6","NAVIGATION OFF","2","","","","","","","2007-03-18 00:00:00","2037-03-18 00:00:00","LIVE","2007-03-18 21:51:00","1","1","0","1","4"
"7","HEADER","1","","","","","","","2007-03-18 00:00:00","2037-03-18 00:00:00","LIVE","2007-03-18 21:51:00","1","1","0","1","5"
"8","NAVIGATION ON","1","","","","","","","2007-03-18 00:00:00","2037-03-18 00:00:00","LIVE","2007-03-18 21:51:00","1","1","0","1","6"
"9","NAVIGATION OFF","2","","","","","","","2007-03-18 00:00:00","2037-03-18 00:00:00","LIVE","2007-03-18 21:51:00","1","1","0","1","7"
"10","HEADER","1","","","","","","","2007-03-18 00:00:00","2037-03-18 00:00:00","LIVE","2007-03-18 21:51:00","1","1","0","1","8"
"11","NAVIGATION ON","1","","","","","","","2007-03-18 00:00:00","2037-03-18 00:00:00","LIVE","2007-03-18 21:51:00","1","1","0","1","9"
"12","NAVIGATION OFF","2","","","","","","","2007-03-18 00:00:00","2037-03-18 00:00:00","LIVE","2007-03-18 21:51:00","1","1","0","1","10"
"13","HEADER","1","","","","","","","2007-03-18 00:00:00","2037-03-18 00:00:00","LIVE","2007-03-18 21:51:00","1","1","0","1","11"
"14","NAVIGATION ON","1","","","","","","","2007-03-18 00:00:00","2037-03-18 00:00:00","LIVE","2007-03-18 21:51:00","1","1","0","1","12"
"15","NAVIGATION OFF","2","","","","","","","2007-03-18 00:00:00","2037-03-18 00:00:00","LIVE","2007-03-18 21:51:00","1","1","0","1","13"
"16","HEADER","1","","","","","","","2007-03-18 00:00:00","2037-03-18 00:00:00","LIVE","2007-03-18 21:51:00","1","1","0","1","14"
"18","HEADER IMAGE","1","","","","","","","2007-03-18 00:00:00","2037-03-18 00:00:00","LIVE","2007-03-18 21:51:00","1","1","0","1","15"
"19","NAVIGATION ON","1","","","","","","","2007-03-18 00:00:00","2037-03-18 00:00:00","LIVE","2007-03-18 21:51:00","1","1","0","1","16"
"20","NAVIGATION OFF","2","","","","","","","2007-03-18 00:00:00","2037-03-18 00:00:00","LIVE","2007-03-18 21:51:00","1","1","0","1","17"
"21","HEADER","1","","","","","","","2007-03-18 00:00:00","2037-03-18 00:00:00","LIVE","2007-03-18 21:51:00","1","1","0","1","18"
"22","NAVIGATION ON","1","","","","","","","2007-03-18 00:00:00","2037-03-18 00:00:00","LIVE","2007-03-18 21:51:00","1","1","0","1","19"
"23","NAVIGATION OFF","2","","","","","","","2007-03-18 00:00:00","2037-03-18 00:00:00","LIVE","2007-03-18 21:51:00","1","1","0","1","20"
"24","HEADER","1","","","","","","","2007-03-18 00:00:00","2037-03-18 00:00:00","LIVE","2007-03-18 21:51:00","1","1","0","1","21"
"26","HEADER IMAGE","1","","","","","","","2007-03-18 00:00:00","2037-03-18 00:00:00","LIVE","2007-03-18 21:51:00","1","1","0","1","22"
"27","NAVIGATION ON","1","","","","","","","2007-03-18 00:00:00","2037-03-18 00:00:00","LIVE","2007-03-18 21:51:00","1","1","0","1","23"
"28","NAVIGATION OFF","2","","","","","","","2007-03-18 00:00:00","2037-03-18 00:00:00","LIVE","2007-03-18 21:51:00","1","1","0","1","24"
"29","HEADER","1","","","","","","","2007-03-18 00:00:00","2037-03-18 00:00:00","LIVE","2007-03-18 21:51:00","1","1","0","1","25"
"30","NAVIGATION ON","1","","","","","","","2007-03-18 00:00:00","2037-03-18 00:00:00","LIVE","2007-03-18 21:51:00","1","1","0","1","26"
"31","NAVIGATION OFF","2","","","","","","","2007-03-18 00:00:00","2037-03-18 00:00:00","LIVE","2007-03-18 21:51:00","1","1","0","1","27"
"32","HEADER","1","","","","","","","2007-03-18 00:00:00","2037-03-18 00:00:00","LIVE","2007-03-18 21:51:00","1","1","0","1","28"
"33","NAVIGATION ON","1","","","","","","","2007-03-18 00:00:00","2037-03-18 00:00:00","LIVE","2007-03-18 21:51:00","1","1","0","1","29"
"34","NAVIGATION OFF","2","","","","","","","2007-03-18 00:00:00","2037-03-18 00:00:00","LIVE","2007-03-18 21:51:00","1","1","0","1","30"
"35","HEADER","1","","","","","","","2007-03-18 00:00:00","2037-03-18 00:00:00","LIVE","2007-03-18 21:51:00","1","1","0","1","31"
"36","NAVIGATION ON","1","","","","","","","2007-03-18 00:00:00","2037-03-18 00:00:00","LIVE","2007-03-18 21:51:00","1","1","0","1","32"
"37","NAVIGATION OFF","2","","","","","","","2007-03-18 00:00:00","2037-03-18 00:00:00","LIVE","2007-03-18 21:51:00","1","1","0","1","33"
"38","HEADER","1","","","","","","","2007-03-18 00:00:00","2037-03-18 00:00:00","LIVE","2007-03-18 21:51:00","1","1","0","1","34"
"40","HEADER IMAGE","1","","","","","","","2007-03-18 00:00:00","2037-03-18 00:00:00","LIVE","2007-03-18 21:51:00","1","1","0","1","35"
"41","NAVIGATION ON","1","","","","","","","2007-03-18 00:00:00","2037-03-18 00:00:00","LIVE","2007-03-18 21:51:00","1","1","0","1","36"
"42","NAVIGATION OFF","2","","","","","","","2007-03-18 00:00:00","2037-03-18 00:00:00","LIVE","2007-03-18 21:51:00","1","1","0","1","37"
"43","HEADER","1","","","","","","","2007-03-18 00:00:00","2037-03-18 00:00:00","LIVE","2007-03-18 21:51:00","1","1","0","1","38"
"44","NAVIGATION OFF","2","","","","","","","2007-03-18 21:51:26","2037-03-18 21:51:26","LIVE","2007-03-18 21:51:00","1","1","0","1","39"
"45","NAVIGATION ON","1","4","Petroferm Cleaning Products","10","","","39","2007-03-18 21:51:26","2037-03-18 21:51:26","LIVE","2007-03-18 21:51:00","1","1","0","1","40"
"46","NAVIGATION OFF","2","","","","","","","2007-03-18 21:51:26","2037-03-18 21:51:26","LIVE","2007-03-18 21:51:00","1","1","0","1","41"
"47","NAVIGATION ON","1","18","Petroferm Fuel Products","22","","","41","2007-03-18 21:51:26","2037-03-18 21:51:26","LIVE","2007-03-18 21:51:00","1","1","0","1","42"
"48","NAVIGATION OFF","2","","","","","","","2007-03-18 21:51:26","2037-03-18 21:51:26","LIVE","2007-03-18 21:51:00","1","1","0","1","43"
"50","NAVIGATION ON","1","49","Industrial Products Division","","32|55|56|44","Lambent Technologies|Lambent Technologies SSD|Hansotech Inc.|Joseph Storey","43","2007-03-18 21:51:26","2037-03-18 21:51:26","LIVE","2007-03-18 21:51:00","1","1","0","1","44"
