"SearchAttribTypeID","BusinessUnitID","MarketID","SearchAttributeName","PublishDate","ExpirationDate","WorkflowStatus","LastModifiedDate","LastModifiedBy","ActiveFlag","MarkedForDeletion","DeploymentJobID"
"1","4","7","Unique Lambent Product","2007-03-18 00:00:00","2037-03-18 00:00:00","LIVE","2007-03-18 21:51:28","1","1","0","0"
"2","4","7","High HLB","2007-03-18 00:00:00","2037-03-18 00:00:00","LIVE","2007-03-18 21:51:28","1","1","0","0"
"3","4","7","Medium HLB","2007-03-18 00:00:00","2037-03-18 00:00:00","LIVE","2007-03-18 21:51:28","1","1","0","0"
"4","4","7","Low HLB","2007-03-18 00:00:00","2037-03-18 00:00:00","LIVE","2007-03-18 21:51:28","1","1","0","0"
"5","4","7","Low trans fat (< 1%)","2007-03-18 00:00:00","2037-03-18 00:00:00","LIVE","2007-03-18 21:51:28","1","1","0","0"
"6","4","7","Kosher Products","2007-03-18 00:00:00","2037-03-18 00:00:00","LIVE","2007-03-18 21:51:28","1","1","0","0"
"7","4","7","Halal Products","2007-03-18 00:00:00","2037-03-18 00:00:00","LIVE","2007-03-18 21:51:28","1","1","0","0"
"8","4","7","GRAS products","2007-03-18 00:00:00","2037-03-18 00:00:00","LIVE","2007-03-18 21:51:28","1","1","0","0"
"9","4","7","CFR Approved - Direct Food Contact","2007-03-18 00:00:00","2037-03-18 00:00:00","LIVE","2007-03-18 21:51:28","1","1","0","0"
"10","4","7","CFR Approved - Indirect Food Contact","2007-03-18 00:00:00","2037-03-18 00:00:00","LIVE","2007-03-18 21:51:28","1","1","0","0"
"11","4","7","Liquid Products","2007-03-18 00:00:00","2037-03-18 00:00:00","LIVE","2007-03-18 21:51:28","1","1","0","0"
"12","4","7","Solid Products - melting point < 40 degrees Celsius","2007-03-18 00:00:00","2037-03-18 00:00:00","LIVE","2007-03-18 21:51:28","1","1","0","0"
"13","4","7","Solid Products - melting point > 40 degrees Celsius","2007-03-18 00:00:00","2037-03-18 00:00:00","LIVE","2007-03-18 21:51:28","1","1","0","0"
"14","4","8","Unique Lambent products","2007-03-18 00:00:00","2037-03-18 00:00:00","LIVE","2007-03-18 21:51:28","1","1","0","0"
"15","4","8","High HLB","2007-03-18 00:00:00","2037-03-18 00:00:00","LIVE","2007-03-18 21:51:28","1","1","0","0"
"16","4","8","Medium HLB","2007-03-18 00:00:00","2037-03-18 00:00:00","LIVE","2007-03-18 21:51:28","1","1","0","0"
"17","4","8","Low HLB","2007-03-18 00:00:00","2037-03-18 00:00:00","LIVE","2007-03-18 21:51:28","1","1","0","0"
"18","4","8","Low IV","2007-03-18 00:00:00","2037-03-18 00:00:00","LIVE","2007-03-18 21:51:28","1","1","0","0"
"19","4","8","High IV","2007-03-18 00:00:00","2037-03-18 00:00:00","LIVE","2007-03-18 21:51:28","1","1","0","0"
"20","4","8","Solid (or High melting point)","2007-03-18 00:00:00","2037-03-18 00:00:00","LIVE","2007-03-18 21:51:28","1","1","0","0"
"21","4","8","Anionic","2007-03-18 00:00:00","2037-03-18 00:00:00","LIVE","2007-03-18 21:51:28","1","1","0","0"
"22","4","8","Low pH","2007-03-18 00:00:00","2037-03-18 00:00:00","LIVE","2007-03-18 21:51:28","1","1","0","0"
"23","4","8","Oil Soluble","2007-03-18 00:00:00","2037-03-18 00:00:00","LIVE","2007-03-18 21:51:28","1","1","0","0"
"24","4","8","Water soluble","2007-03-18 00:00:00","2037-03-18 00:00:00","LIVE","2007-03-18 21:51:28","1","1","0","0"
"25","4","9","Unique Lambent products","2007-03-18 00:00:00","2037-03-18 00:00:00","LIVE","2007-03-18 21:51:28","1","1","0","0"
"26","4","9","Veggie derived","2007-03-18 00:00:00","2037-03-18 00:00:00","LIVE","2007-03-18 21:51:28","1","1","0","0"
"27","4","9","High HLB","2007-03-18 00:00:00","2037-03-18 00:00:00","LIVE","2007-03-18 21:51:28","1","1","0","0"
"28","4","9","Medium HLB","2007-03-18 00:00:00","2037-03-18 00:00:00","LIVE","2007-03-18 21:51:28","1","1","0","0"
"29","4","9","Low HLB","2007-03-18 00:00:00","2037-03-18 00:00:00","LIVE","2007-03-18 21:51:28","1","1","0","0"
"30","4","9","Kosher","2007-03-18 00:00:00","2037-03-18 00:00:00","LIVE","2007-03-18 21:51:28","1","1","0","0"
"31","4","9","Oxidatively stable","2007-03-18 00:00:00","2037-03-18 00:00:00","LIVE","2007-03-18 21:51:28","1","1","0","0"
"32","4","9","Low pour point","2007-03-18 00:00:00","2037-03-18 00:00:00","LIVE","2007-03-18 21:51:28","1","1","0","0"
"33","4","9","High flash point","2007-03-18 00:00:00","2037-03-18 00:00:00","LIVE","2007-03-18 21:51:28","1","1","0","0"
"34","4","9","High smoke point","2007-03-18 00:00:00","2037-03-18 00:00:00","LIVE","2007-03-18 21:51:28","1","1","0","0"
"35","4","9","High viscosity index","2007-03-18 00:00:00","2037-03-18 00:00:00","LIVE","2007-03-18 21:51:28","1","1","0","0"
"36","4","9","High molecular weight","2007-03-18 00:00:00","2037-03-18 00:00:00","LIVE","2007-03-18 21:51:28","1","1","0","0"
"37","4","9","HEAR oil derivatives","2007-03-18 00:00:00","2037-03-18 00:00:00","LIVE","2007-03-18 21:51:28","1","1","0","0"
"38","4","10","Unique Lambent products","2007-03-18 00:00:00","2037-03-18 00:00:00","LIVE","2007-03-18 21:51:28","1","1","0","0"
"39","4","10","High HLB","2007-03-18 00:00:00","2037-03-18 00:00:00","LIVE","2007-03-18 21:51:28","1","1","0","0"
"40","4","10","Medium HLB","2007-03-18 00:00:00","2037-03-18 00:00:00","LIVE","2007-03-18 21:51:28","1","1","0","0"
"41","4","10","Low HLB","2007-03-18 00:00:00","2037-03-18 00:00:00","LIVE","2007-03-18 21:51:28","1","1","0","0"
"42","4","10","NF Products","2007-03-18 00:00:00","2037-03-18 00:00:00","LIVE","2007-03-18 21:51:28","1","1","0","0"
"43","4","10","O/W Emulsifiers","2007-03-18 00:00:00","2037-03-18 00:00:00","LIVE","2007-03-18 21:51:28","1","1","0","0"
"44","4","10","W/O Emulsifiers","2007-03-18 00:00:00","2037-03-18 00:00:00","LIVE","2007-03-18 21:51:28","1","1","0","0"
"45","4","10","Non-Animal Derived","2007-03-18 00:00:00","2037-03-18 00:00:00","LIVE","2007-03-18 21:51:28","1","1","0","0"
"46","4","10","Liquid products","2007-03-18 00:00:00","2037-03-18 00:00:00","LIVE","2007-03-18 21:51:28","1","1","0","0"
"47","4","10","Solid products (melting point < 40C)","2007-03-18 00:00:00","2037-03-18 00:00:00","LIVE","2007-03-18 21:51:28","1","1","0","0"
"48","4","10","Solid products (melting point > 40C)","2007-03-18 00:00:00","2037-03-18 00:00:00","LIVE","2007-03-18 21:51:28","1","1","0","0"
