"PageModuleRelnID","PageID","SourceID","SourceName","ModuleOrder","ShowTitle","PublishDate","ExpirationDate","WorkflowStatus","LastModifiedDate","LastModifiedBy","ActiveFlag","MarkedForDeletion","DeploymentJobID"
"1","1","1","CONTENT","1","1","2007-03-18 00:00:00","2037-03-18 00:00:00","LIVE","2007-03-18 21:51:30","1","1","0","0"
"2","1","1","HEADER IMAGE","1","1","2007-03-18 00:00:00","2037-03-18 00:00:00","LIVE","2007-03-18 21:51:30","1","1","0","0"
"3","2","2","CONTENT","1","1","2007-03-18 00:00:00","2037-03-18 00:00:00","LIVE","2007-03-18 21:51:30","1","1","0","0"
"4","3","3","CONTENT","1","1","2007-03-18 00:00:00","2037-03-18 00:00:00","LIVE","2007-03-18 21:51:30","1","1","0","0"
"5","4","4","CONTENT","1","1","2007-03-18 00:00:00","2037-03-18 00:00:00","LIVE","2007-03-18 21:51:30","1","1","0","0"
"6","5","5","CONTENT","1","1","2007-03-18 00:00:00","2037-03-18 00:00:00","LIVE","2007-03-18 21:51:30","1","1","0","0"
"7","9","6","CONTENT","1","1","2007-03-18 00:00:00","2037-03-18 00:00:00","LIVE","2007-03-18 21:51:30","1","1","0","0"
"8","10","7","CONTENT","1","1","2007-03-18 00:00:00","2037-03-18 00:00:00","LIVE","2007-03-18 21:51:30","1","1","0","0"
"9","10","2","HEADER IMAGE","1","1","2007-03-18 00:00:00","2037-03-18 00:00:00","LIVE","2007-03-18 21:51:30","1","1","0","0"
"10","11","8","CONTENT","1","1","2007-03-18 00:00:00","2037-03-18 00:00:00","LIVE","2007-03-18 21:51:30","1","1","0","0"
"11","12","9","CONTENT","1","1","2007-03-18 00:00:00","2037-03-18 00:00:00","LIVE","2007-03-18 21:51:30","1","1","0","0"
"12","13","10","CONTENT","1","1","2007-03-18 00:00:00","2037-03-18 00:00:00","LIVE","2007-03-18 21:51:30","1","1","0","0"
"13","14","11","CONTENT","1","1","2007-03-18 00:00:00","2037-03-18 00:00:00","LIVE","2007-03-18 21:51:30","1","1","0","0"
"14","18","3","NAV ON IMAGE","1","1","2007-03-18 00:00:00","2037-03-18 00:00:00","LIVE","2007-03-18 21:51:30","1","1","0","0"
"15","18","4","NAV OFF IMAGE","2","1","2007-03-18 00:00:00","2037-03-18 00:00:00","LIVE","2007-03-18 21:51:30","1","1","0","0"
"16","18","5","HEADER IMAGE","1","1","2007-03-18 00:00:00","2037-03-18 00:00:00","LIVE","2007-03-18 21:51:30","1","1","0","0"
"17","18","12","CONTENT","1","1","2007-03-18 00:00:00","2037-03-18 00:00:00","LIVE","2007-03-18 21:51:30","1","1","0","0"
"18","18","1","HEADER SIDE CONTENT","1","0","2007-03-18 00:00:00","2037-03-18 00:00:00","LIVE","2007-03-18 21:51:30","1","1","0","0"
"19","19","6","NAV ON IMAGE","1","1","2007-03-18 00:00:00","2037-03-18 00:00:00","LIVE","2007-03-18 21:51:30","1","1","0","0"
"20","19","7","NAV OFF IMAGE","2","1","2007-03-18 00:00:00","2037-03-18 00:00:00","LIVE","2007-03-18 21:51:30","1","1","0","0"
"21","19","8","HEADER IMAGE","1","1","2007-03-18 00:00:00","2037-03-18 00:00:00","LIVE","2007-03-18 21:51:30","1","1","0","0"
"22","19","13","CONTENT","1","1","2007-03-18 00:00:00","2037-03-18 00:00:00","LIVE","2007-03-18 21:51:30","1","1","0","0"
"23","19","2","HEADER SIDE CONTENT","1","0","2007-03-18 00:00:00","2037-03-18 00:00:00","LIVE","2007-03-18 21:51:30","1","1","0","0"
"24","20","9","NAV ON IMAGE","1","1","2007-03-18 00:00:00","2037-03-18 00:00:00","LIVE","2007-03-18 21:51:30","1","1","0","0"
"25","20","10","NAV OFF IMAGE","2","1","2007-03-18 00:00:00","2037-03-18 00:00:00","LIVE","2007-03-18 21:51:30","1","1","0","0"
"26","20","11","HEADER IMAGE","1","1","2007-03-18 00:00:00","2037-03-18 00:00:00","LIVE","2007-03-18 21:51:30","1","1","0","0"
"27","20","14","CONTENT","1","1","2007-03-18 00:00:00","2037-03-18 00:00:00","LIVE","2007-03-18 21:51:30","1","1","0","0"
"28","20","3","HEADER SIDE CONTENT","1","0","2007-03-18 00:00:00","2037-03-18 00:00:00","LIVE","2007-03-18 21:51:30","1","1","0","0"
"29","21","12","NAV ON IMAGE","1","1","2007-03-18 00:00:00","2037-03-18 00:00:00","LIVE","2007-03-18 21:51:30","1","1","0","0"
"30","21","13","NAV OFF IMAGE","2","1","2007-03-18 00:00:00","2037-03-18 00:00:00","LIVE","2007-03-18 21:51:30","1","1","0","0"
"31","21","14","HEADER IMAGE","1","1","2007-03-18 00:00:00","2037-03-18 00:00:00","LIVE","2007-03-18 21:51:30","1","1","0","0"
"32","21","15","CONTENT","1","1","2007-03-18 00:00:00","2037-03-18 00:00:00","LIVE","2007-03-18 21:51:30","1","1","0","0"
"33","21","4","HEADER SIDE CONTENT","1","0","2007-03-18 00:00:00","2037-03-18 00:00:00","LIVE","2007-03-18 21:51:30","1","1","0","0"
"34","22","16","CONTENT","1","1","2007-03-18 00:00:00","2037-03-18 00:00:00","LIVE","2007-03-18 21:51:30","1","1","0","0"
"35","22","15","HEADER IMAGE","1","1","2007-03-18 00:00:00","2037-03-18 00:00:00","LIVE","2007-03-18 21:51:30","1","1","0","0"
"36","23","17","CONTENT","1","1","2007-03-18 00:00:00","2037-03-18 00:00:00","LIVE","2007-03-18 21:51:30","1","1","0","0"
"37","24","18","CONTENT","1","1","2007-03-18 00:00:00","2037-03-18 00:00:00","LIVE","2007-03-18 21:51:30","1","1","0","0"
"38","25","19","CONTENT","1","1","2007-03-18 00:00:00","2037-03-18 00:00:00","LIVE","2007-03-18 21:51:30","1","1","0","0"
"39","26","20","CONTENT","1","1","2007-03-18 00:00:00","2037-03-18 00:00:00","LIVE","2007-03-18 21:51:30","1","1","0","0"
"40","30","16","NAV ON IMAGE","1","1","2007-03-18 00:00:00","2037-03-18 00:00:00","LIVE","2007-03-18 21:51:30","1","1","0","0"
"41","30","17","NAV OFF IMAGE","2","1","2007-03-18 00:00:00","2037-03-18 00:00:00","LIVE","2007-03-18 21:51:30","1","1","0","0"
"42","30","18","HEADER IMAGE","1","1","2007-03-18 00:00:00","2037-03-18 00:00:00","LIVE","2007-03-18 21:51:30","1","1","0","0"
"43","30","21","CONTENT","1","1","2007-03-18 00:00:00","2037-03-18 00:00:00","LIVE","2007-03-18 21:51:30","1","1","0","0"
"44","30","5","HEADER SIDE CONTENT","1","0","2007-03-18 00:00:00","2037-03-18 00:00:00","LIVE","2007-03-18 21:51:30","1","1","0","0"
"45","31","19","NAV ON IMAGE","1","1","2007-03-18 00:00:00","2037-03-18 00:00:00","LIVE","2007-03-18 21:51:30","1","1","0","0"
"46","31","20","NAV OFF IMAGE","2","1","2007-03-18 00:00:00","2037-03-18 00:00:00","LIVE","2007-03-18 21:51:30","1","1","0","0"
"47","31","21","HEADER IMAGE","1","1","2007-03-18 00:00:00","2037-03-18 00:00:00","LIVE","2007-03-18 21:51:30","1","1","0","0"
"48","31","22","CONTENT","1","1","2007-03-18 00:00:00","2037-03-18 00:00:00","LIVE","2007-03-18 21:51:30","1","1","0","0"
"49","31","6","HEADER SIDE CONTENT","1","0","2007-03-18 00:00:00","2037-03-18 00:00:00","LIVE","2007-03-18 21:51:30","1","1","0","0"
"50","32","23","CONTENT","1","1","2007-03-18 00:00:00","2037-03-18 00:00:00","LIVE","2007-03-18 21:51:30","1","1","0","0"
"51","32","22","HEADER IMAGE","1","1","2007-03-18 00:00:00","2037-03-18 00:00:00","LIVE","2007-03-18 21:51:30","1","1","0","0"
"52","33","24","CONTENT","1","1","2007-03-18 00:00:00","2037-03-18 00:00:00","LIVE","2007-03-18 21:51:30","1","1","0","0"
"53","34","25","CONTENT","1","1","2007-03-18 00:00:00","2037-03-18 00:00:00","LIVE","2007-03-18 21:51:30","1","1","0","0"
"54","35","26","CONTENT","1","1","2007-03-18 00:00:00","2037-03-18 00:00:00","LIVE","2007-03-18 21:51:30","1","1","0","0"
"55","36","27","CONTENT","1","1","2007-03-18 00:00:00","2037-03-18 00:00:00","LIVE","2007-03-18 21:51:30","1","1","0","0"
"56","40","23","NAV ON IMAGE","1","1","2007-03-18 00:00:00","2037-03-18 00:00:00","LIVE","2007-03-18 21:51:30","1","1","0","0"
"57","40","24","NAV OFF IMAGE","2","1","2007-03-18 00:00:00","2037-03-18 00:00:00","LIVE","2007-03-18 21:51:30","1","1","0","0"
"58","40","25","HEADER IMAGE","1","1","2007-03-18 00:00:00","2037-03-18 00:00:00","LIVE","2007-03-18 21:51:30","1","1","0","0"
"59","40","28","CONTENT","1","1","2007-03-18 00:00:00","2037-03-18 00:00:00","LIVE","2007-03-18 21:51:30","1","1","0","0"
"60","40","7","HEADER SIDE CONTENT","1","0","2007-03-18 00:00:00","2037-03-18 00:00:00","LIVE","2007-03-18 21:51:30","1","1","0","0"
"61","41","26","NAV ON IMAGE","1","1","2007-03-18 00:00:00","2037-03-18 00:00:00","LIVE","2007-03-18 21:51:30","1","1","0","0"
"62","41","27","NAV OFF IMAGE","2","1","2007-03-18 00:00:00","2037-03-18 00:00:00","LIVE","2007-03-18 21:51:30","1","1","0","0"
"63","41","28","HEADER IMAGE","1","1","2007-03-18 00:00:00","2037-03-18 00:00:00","LIVE","2007-03-18 21:51:30","1","1","0","0"
"64","41","29","CONTENT","1","1","2007-03-18 00:00:00","2037-03-18 00:00:00","LIVE","2007-03-18 21:51:30","1","1","0","0"
"65","41","8","HEADER SIDE CONTENT","1","0","2007-03-18 00:00:00","2037-03-18 00:00:00","LIVE","2007-03-18 21:51:30","1","1","0","0"
"66","42","29","NAV ON IMAGE","1","1","2007-03-18 00:00:00","2037-03-18 00:00:00","LIVE","2007-03-18 21:51:30","1","1","0","0"
"67","42","30","NAV OFF IMAGE","2","1","2007-03-18 00:00:00","2037-03-18 00:00:00","LIVE","2007-03-18 21:51:30","1","1","0","0"
"68","42","31","HEADER IMAGE","1","1","2007-03-18 00:00:00","2037-03-18 00:00:00","LIVE","2007-03-18 21:51:30","1","1","0","0"
"69","42","30","CONTENT","1","1","2007-03-18 00:00:00","2037-03-18 00:00:00","LIVE","2007-03-18 21:51:30","1","1","0","0"
"70","42","9","HEADER SIDE CONTENT","1","0","2007-03-18 00:00:00","2037-03-18 00:00:00","LIVE","2007-03-18 21:51:30","1","1","0","0"
"71","43","32","NAV ON IMAGE","1","1","2007-03-18 00:00:00","2037-03-18 00:00:00","LIVE","2007-03-18 21:51:30","1","1","0","0"
"72","43","33","NAV OFF IMAGE","2","1","2007-03-18 00:00:00","2037-03-18 00:00:00","LIVE","2007-03-18 21:51:30","1","1","0","0"
"73","43","34","HEADER IMAGE","1","1","2007-03-18 00:00:00","2037-03-18 00:00:00","LIVE","2007-03-18 21:51:30","1","1","0","0"
"74","43","31","CONTENT","1","1","2007-03-18 00:00:00","2037-03-18 00:00:00","LIVE","2007-03-18 21:51:30","1","1","0","0"
"75","43","10","HEADER SIDE CONTENT","1","0","2007-03-18 00:00:00","2037-03-18 00:00:00","LIVE","2007-03-18 21:51:30","1","1","0","0"
"76","44","32","CONTENT","1","1","2007-03-18 00:00:00","2037-03-18 00:00:00","LIVE","2007-03-18 21:51:30","1","1","0","0"
"77","44","35","HEADER IMAGE","1","1","2007-03-18 00:00:00","2037-03-18 00:00:00","LIVE","2007-03-18 21:51:30","1","1","0","0"
"78","45","33","CONTENT","1","1","2007-03-18 00:00:00","2037-03-18 00:00:00","LIVE","2007-03-18 21:51:30","1","1","0","0"
"79","46","34","CONTENT","1","1","2007-03-18 00:00:00","2037-03-18 00:00:00","LIVE","2007-03-18 21:51:30","1","1","0","0"
"80","47","35","CONTENT","1","1","2007-03-18 00:00:00","2037-03-18 00:00:00","LIVE","2007-03-18 21:51:30","1","1","0","0"
"81","48","36","CONTENT","1","1","2007-03-18 00:00:00","2037-03-18 00:00:00","LIVE","2007-03-18 21:51:30","1","1","0","0"
"82","52","36","NAV ON IMAGE","1","1","2007-03-18 00:00:00","2037-03-18 00:00:00","LIVE","2007-03-18 21:51:30","1","1","0","0"
"83","52","37","NAV OFF IMAGE","2","1","2007-03-18 00:00:00","2037-03-18 00:00:00","LIVE","2007-03-18 21:51:30","1","1","0","0"
"84","52","38","HEADER IMAGE","1","1","2007-03-18 00:00:00","2037-03-18 00:00:00","LIVE","2007-03-18 21:51:30","1","1","0","0"
"85","52","37","CONTENT","1","1","2007-03-18 00:00:00","2037-03-18 00:00:00","LIVE","2007-03-18 21:51:30","1","1","0","0"
"86","52","11","HEADER SIDE CONTENT","1","0","2007-03-18 00:00:00","2037-03-18 00:00:00","LIVE","2007-03-18 21:51:30","1","1","0","0"
"87","1","39","NAV OFF IMAGE","2","1","2007-03-18 21:51:26","2037-03-18 21:51:26","LIVE","2007-03-18 21:51:30","1","1","0","0"
"88","1","40","NAV ON IMAGE","1","1","2007-03-18 21:51:26","2037-03-18 21:51:26","LIVE","2007-03-18 21:51:30","1","1","0","0"
"89","1","41","NAV OFF IMAGE","4","1","2007-03-18 21:51:26","2037-03-18 21:51:26","LIVE","2007-03-18 21:51:30","1","1","0","0"
"90","1","42","NAV ON IMAGE","3","1","2007-03-18 21:51:26","2037-03-18 21:51:26","LIVE","2007-03-18 21:51:30","1","1","0","0"
"91","1","43","NAV OFF IMAGE","6","1","2007-03-18 21:51:26","2037-03-18 21:51:26","LIVE","2007-03-18 21:51:30","1","1","0","0"
"92","1","44","NAV ON IMAGE","5","1","2007-03-18 21:51:26","2037-03-18 21:51:26","LIVE","2007-03-18 21:51:30","1","1","0","0"
"93","10","38","SIDE CONTENT","1","1","2007-03-18 00:00:00","2037-03-18 00:00:00","LIVE","2007-03-18 21:51:30","1","1","0","0"
"94","10","39","SIDE CONTENT","2","1","2007-03-18 00:00:00","2037-03-18 00:00:00","LIVE","2007-03-18 21:51:30","1","1","0","0"
"95","18","40","SIDE CONTENT","1","1","2007-03-18 00:00:00","2037-03-18 00:00:00","LIVE","2007-03-18 21:51:30","1","1","0","0"
"96","19","41","SIDE CONTENT","1","1","2007-03-18 00:00:00","2037-03-18 00:00:00","LIVE","2007-03-18 21:51:30","1","1","0","0"
"97","20","42","SIDE CONTENT","1","1","2007-03-18 00:00:00","2037-03-18 00:00:00","LIVE","2007-03-18 21:51:30","1","1","0","0"
"98","21","43","SIDE CONTENT","1","1","2007-03-18 00:00:00","2037-03-18 00:00:00","LIVE","2007-03-18 21:51:30","1","1","0","0"
"99","22","44","SIDE CONTENT","1","1","2007-03-18 00:00:00","2037-03-18 00:00:00","LIVE","2007-03-18 21:51:30","1","1","0","0"
"100","22","45","SIDE CONTENT","2","1","2007-03-18 00:00:00","2037-03-18 00:00:00","LIVE","2007-03-18 21:51:30","1","1","0","0"
"101","22","46","SIDE CONTENT","3","1","2007-03-18 00:00:00","2037-03-18 00:00:00","LIVE","2007-03-18 21:51:30","1","1","0","0"
"102","31","47","SIDE CONTENT","1","1","2007-03-18 00:00:00","2037-03-18 00:00:00","LIVE","2007-03-18 21:51:30","1","1","0","0"
"103","31","48","SIDE CONTENT","2","1","2007-03-18 00:00:00","2037-03-18 00:00:00","LIVE","2007-03-18 21:51:30","1","1","0","0"
"104","32","49","SIDE CONTENT","1","1","2007-03-18 00:00:00","2037-03-18 00:00:00","LIVE","2007-03-18 21:51:30","1","1","0","0"
"105","32","50","SIDE CONTENT","2","1","2007-03-18 00:00:00","2037-03-18 00:00:00","LIVE","2007-03-18 21:51:30","1","1","0","0"
"106","40","51","SIDE CONTENT","1","1","2007-03-18 00:00:00","2037-03-18 00:00:00","LIVE","2007-03-18 21:51:30","1","1","0","0"
"107","41","52","SIDE CONTENT","1","1","2007-03-18 00:00:00","2037-03-18 00:00:00","LIVE","2007-03-18 21:51:30","1","1","0","0"
"108","42","53","SIDE CONTENT","1","1","2007-03-18 00:00:00","2037-03-18 00:00:00","LIVE","2007-03-18 21:51:30","1","1","0","0"
"109","42","54","SIDE CONTENT","2","1","2007-03-18 00:00:00","2037-03-18 00:00:00","LIVE","2007-03-18 21:51:30","1","1","0","0"
"110","43","55","SIDE CONTENT","1","1","2007-03-18 00:00:00","2037-03-18 00:00:00","LIVE","2007-03-18 21:51:30","1","1","0","0"
"111","43","56","SIDE CONTENT","2","1","2007-03-18 00:00:00","2037-03-18 00:00:00","LIVE","2007-03-18 21:51:30","1","1","0","0"
"112","44","57","SIDE CONTENT","1","1","2007-03-18 00:00:00","2037-03-18 00:00:00","LIVE","2007-03-18 21:51:30","1","1","0","0"
"113","52","58","SIDE CONTENT","1","1","2007-03-18 00:00:00","2037-03-18 00:00:00","LIVE","2007-03-18 21:51:30","1","1","0","0"
