"ID","TableName","KeyName","KeyNameValue","RecordAction","DeploymentJobID","DeploymentDate","DeployedBy","ActiveFlag"
"1","tblImage","ImageID","1","INSERT","1","2007-03-18 21:51:30","System Administrator","1"
"2","tblImage","ImageID","2","INSERT","1","2007-03-18 21:51:30","System Administrator","1"
"3","tblImage","ImageID","3","INSERT","1","2007-03-18 21:51:30","System Administrator","1"
"4","tblImage","ImageID","4","INSERT","1","2007-03-18 21:51:30","System Administrator","1"
"5","tblImage","ImageID","5","INSERT","1","2007-03-18 21:51:30","System Administrator","1"
"6","tblImage","ImageID","6","INSERT","1","2007-03-18 21:51:30","System Administrator","1"
"7","tblImage","ImageID","7","INSERT","1","2007-03-18 21:51:30","System Administrator","1"
"8","tblImage","ImageID","8","INSERT","1","2007-03-18 21:51:30","System Administrator","1"
"9","tblImage","ImageID","9","INSERT","1","2007-03-18 21:51:30","System Administrator","1"
"10","tblImage","ImageID","10","INSERT","1","2007-03-18 21:51:30","System Administrator","1"
"11","tblImage","ImageID","11","INSERT","1","2007-03-18 21:51:30","System Administrator","1"
"12","tblImage","ImageID","12","INSERT","1","2007-03-18 21:51:30","System Administrator","1"
"13","tblImage","ImageID","13","INSERT","1","2007-03-18 21:51:30","System Administrator","1"
"14","tblImage","ImageID","14","INSERT","1","2007-03-18 21:51:30","System Administrator","1"
"15","tblImage","ImageID","15","INSERT","1","2007-03-18 21:51:30","System Administrator","1"
"16","tblImage","ImageID","16","INSERT","1","2007-03-18 21:51:30","System Administrator","1"
"17","tblImage","ImageID","17","INSERT","1","2007-03-18 21:51:30","System Administrator","1"
"18","tblImage","ImageID","18","INSERT","1","2007-03-18 21:51:30","System Administrator","1"
"19","tblImage","ImageID","19","INSERT","1","2007-03-18 21:51:30","System Administrator","1"
"20","tblImage","ImageID","20","INSERT","1","2007-03-18 21:51:30","System Administrator","1"
"21","tblImage","ImageID","21","INSERT","1","2007-03-18 21:51:30","System Administrator","1"
"22","tblImage","ImageID","22","INSERT","1","2007-03-18 21:51:30","System Administrator","1"
"23","tblImage","ImageID","23","INSERT","1","2007-03-18 21:51:30","System Administrator","1"
"24","tblImage","ImageID","24","INSERT","1","2007-03-18 21:51:30","System Administrator","1"
"25","tblImage","ImageID","25","INSERT","1","2007-03-18 21:51:30","System Administrator","1"
"26","tblImage","ImageID","26","INSERT","1","2007-03-18 21:51:30","System Administrator","1"
"27","tblImage","ImageID","27","INSERT","1","2007-03-18 21:51:30","System Administrator","1"
"28","tblImage","ImageID","28","INSERT","1","2007-03-18 21:51:30","System Administrator","1"
"29","tblImage","ImageID","29","INSERT","1","2007-03-18 21:51:30","System Administrator","1"
"30","tblImage","ImageID","30","INSERT","1","2007-03-18 21:51:30","System Administrator","1"
"31","tblImage","ImageID","31","INSERT","1","2007-03-18 21:51:30","System Administrator","1"
"32","tblImage","ImageID","32","INSERT","1","2007-03-18 21:51:30","System Administrator","1"
"33","tblImage","ImageID","33","INSERT","1","2007-03-18 21:51:30","System Administrator","1"
"34","tblImage","ImageID","34","INSERT","1","2007-03-18 21:51:30","System Administrator","1"
"35","tblImage","ImageID","35","INSERT","1","2007-03-18 21:51:30","System Administrator","1"
"36","tblImage","ImageID","36","INSERT","1","2007-03-18 21:51:30","System Administrator","1"
"37","tblImage","ImageID","37","INSERT","1","2007-03-18 21:51:30","System Administrator","1"
"38","tblImage","ImageID","38","INSERT","1","2007-03-18 21:51:30","System Administrator","1"
"39","tblImage","ImageID","39","INSERT","1","2007-03-18 21:51:30","System Administrator","1"
"40","tblImage","ImageID","40","INSERT","1","2007-03-18 21:51:30","System Administrator","1"
"41","tblImage","ImageID","41","INSERT","1","2007-03-18 21:51:30","System Administrator","1"
"42","tblImage","ImageID","42","INSERT","1","2007-03-18 21:51:30","System Administrator","1"
"43","tblImage","ImageID","43","INSERT","1","2007-03-18 21:51:30","System Administrator","1"
"44","tblImage","ImageID","44","INSERT","1","2007-03-18 21:51:30","System Administrator","1"
"45","tblImage","ImageID","45","INSERT","1","2007-03-18 21:51:30","System Administrator","1"
"46","tblImage","ImageID","46","INSERT","1","2007-03-18 21:51:30","System Administrator","1"
"47","tblImage","ImageID","47","INSERT","1","2007-03-18 21:51:30","System Administrator","1"
"48","tblImage","ImageID","48","INSERT","1","2007-03-18 21:51:30","System Administrator","1"
"49","tblImage","ImageID","49","INSERT","1","2007-03-18 21:51:30","System Administrator","1"
"50","tblImage","ImageID","50","INSERT","1","2007-03-18 21:51:30","System Administrator","1"
"51","tblImage","ImageID","51","INSERT","1","2007-03-18 21:51:30","System Administrator","1"
"52","tblImage","ImageID","52","INSERT","1","2007-03-18 21:51:30","System Administrator","1"
"53","tblImage","ImageID","53","INSERT","1","2007-03-18 21:51:30","System Administrator","1"
"54","tblImage","ImageID","54","INSERT","1","2007-03-18 21:51:30","System Administrator","1"
"55","tblImage","ImageID","55","INSERT","1","2007-03-18 21:51:30","System Administrator","1"
"56","tblImage","ImageID","56","INSERT","1","2007-03-18 21:51:30","System Administrator","1"
"57","tblImage","ImageID","57","INSERT","1","2007-03-18 21:51:30","System Administrator","1"
"58","tblImage","ImageID","58","INSERT","1","2007-03-18 21:51:30","System Administrator","1"
"59","tblImage","ImageID","59","INSERT","1","2007-03-18 21:51:30","System Administrator","1"
"60","tblImage","ImageID","60","INSERT","1","2007-03-18 21:51:30","System Administrator","1"
"61","tblRegion","RegionID","1","INSERT","1","2007-03-18 21:51:30","System Administrator","1"
"62","tblRegion","RegionID","2","INSERT","1","2007-03-18 21:51:30","System Administrator","1"
"63","tblRegion","RegionID","3","INSERT","1","2007-03-18 21:51:30","System Administrator","1"
"64","tblRegion","RegionID","4","INSERT","1","2007-03-18 21:51:30","System Administrator","1"
"65","tblRegion","RegionID","5","INSERT","1","2007-03-18 21:51:30","System Administrator","1"
"66","tblRegion","RegionID","6","INSERT","1","2007-03-18 21:51:30","System Administrator","1"
"67","tblRegion","RegionID","7","INSERT","1","2007-03-18 21:51:30","System Administrator","1"
"68","tblRegion","RegionID","8","INSERT","1","2007-03-18 21:51:30","System Administrator","1"
"69","tblRegion","RegionID","9","INSERT","1","2007-03-18 21:51:30","System Administrator","1"
"70","tblRegion","RegionID","10","INSERT","1","2007-03-18 21:51:30","System Administrator","1"
"71","tblProductAttributeType","AttribTypeID","1","INSERT","1","2007-03-18 21:51:30","System Administrator","1"
"72","tblProductAttributeType","AttribTypeID","2","INSERT","1","2007-03-18 21:51:30","System Administrator","1"
"73","tblProductAttributeType","AttribTypeID","3","INSERT","1","2007-03-18 21:51:30","System Administrator","1"
"74","tblProductAttributeType","AttribTypeID","4","INSERT","1","2007-03-18 21:51:30","System Administrator","1"
"75","tblProductAttributeType","AttribTypeID","5","INSERT","1","2007-03-18 21:51:30","System Administrator","1"
"76","tblProductAttributeType","AttribTypeID","6","INSERT","1","2007-03-18 21:51:30","System Administrator","1"
"77","tblProductAttributeType","AttribTypeID","7","INSERT","1","2007-03-18 21:51:30","System Administrator","1"
"78","tblProductAttributeType","AttribTypeID","8","INSERT","1","2007-03-18 21:51:30","System Administrator","1"
"79","tblProductAttributeType","AttribTypeID","9","INSERT","1","2007-03-18 21:51:30","System Administrator","1"
"80","tblProductAttributeType","AttribTypeID","10","INSERT","1","2007-03-18 21:51:30","System Administrator","1"
"81","tblProductAttributeType","AttribTypeID","11","INSERT","1","2007-03-18 21:51:30","System Administrator","1"
"82","tblProductAttributeType","AttribTypeID","12","INSERT","1","2007-03-18 21:51:30","System Administrator","1"
"83","tblProductAttributeType","AttribTypeID","13","INSERT","1","2007-03-18 21:51:30","System Administrator","1"
"84","tblProductAttributeType","AttribTypeID","14","INSERT","1","2007-03-18 21:51:30","System Administrator","1"
"85","tblProductAttributeType","AttribTypeID","15","INSERT","1","2007-03-18 21:51:30","System Administrator","1"
"86","tblProductAttributeType","AttribTypeID","16","INSERT","1","2007-03-18 21:51:30","System Administrator","1"
"87","tblProductAttributeType","AttribTypeID","17","INSERT","1","2007-03-18 21:51:30","System Administrator","1"
"88","tblProductAttributeType","AttribTypeID","18","INSERT","1","2007-03-18 21:51:30","System Administrator","1"
"89","tblProductAttributeType","AttribTypeID","19","INSERT","1","2007-03-18 21:51:30","System Administrator","1"
"90","tblProductAttributeType","AttribTypeID","20","INSERT","1","2007-03-18 21:51:30","System Administrator","1"
"91","tblProductAttributeType","AttribTypeID","21","INSERT","1","2007-03-18 21:51:30","System Administrator","1"
"92","tblProductAttributeType","AttribTypeID","22","INSERT","1","2007-03-18 21:51:30","System Administrator","1"
"93","tblProductAttributeType","AttribTypeID","23","INSERT","1","2007-03-18 21:51:30","System Administrator","1"
"94","tblProductAttributeType","AttribTypeID","24","INSERT","1","2007-03-18 21:51:30","System Administrator","1"
"95","tblProductAttributeType","AttribTypeID","25","INSERT","1","2007-03-18 21:51:30","System Administrator","1"
"96","tblProductAttributeType","AttribTypeID","26","INSERT","1","2007-03-18 21:51:30","System Administrator","1"
"97","tblProductAttributeType","AttribTypeID","27","INSERT","1","2007-03-18 21:51:30","System Administrator","1"
"98","tblProductAttributeType","AttribTypeID","28","INSERT","1","2007-03-18 21:51:30","System Administrator","1"
"99","tblProductAttributeType","AttribTypeID","29","INSERT","1","2007-03-18 21:51:30","System Administrator","1"
"100","tblProductAttributeType","AttribTypeID","30","INSERT","1","2007-03-18 21:51:30","System Administrator","1"
"101","tblProductAttributeType","AttribTypeID","31","INSERT","1","2007-03-18 21:51:30","System Administrator","1"
"102","tblProductAttributeType","AttribTypeID","32","INSERT","1","2007-03-18 21:51:30","System Administrator","1"
"103","tblProductAttributeType","AttribTypeID","33","INSERT","1","2007-03-18 21:51:30","System Administrator","1"
"104","tblProductAttributeType","AttribTypeID","34","INSERT","1","2007-03-18 21:51:30","System Administrator","1"
"105","tblProductAttributeType","AttribTypeID","35","INSERT","1","2007-03-18 21:51:30","System Administrator","1"
"106","tblProductAttributeType","AttribTypeID","36","INSERT","1","2007-03-18 21:51:30","System Administrator","1"
"107","tblProductAttributeType","AttribTypeID","37","INSERT","1","2007-03-18 21:51:30","System Administrator","1"
"108","tblProductAttributeType","AttribTypeID","38","INSERT","1","2007-03-18 21:51:30","System Administrator","1"
"109","tblProductAttributeType","AttribTypeID","39","INSERT","1","2007-03-18 21:51:30","System Administrator","1"
"110","tblProductAttributeType","AttribTypeID","40","INSERT","1","2007-03-18 21:51:30","System Administrator","1"
"111","tblProductAttributeType","AttribTypeID","41","INSERT","1","2007-03-18 21:51:30","System Administrator","1"
"112","tblProductAttributeType","AttribTypeID","42","INSERT","1","2007-03-18 21:51:30","System Administrator","1"
"113","tblProductAttributeType","AttribTypeID","43","INSERT","1","2007-03-18 21:51:30","System Administrator","1"
"114","tblProductAttributeType","AttribTypeID","44","INSERT","1","2007-03-18 21:51:30","System Administrator","1"
"115","tblProductAttributeType","AttribTypeID","45","INSERT","1","2007-03-18 21:51:30","System Administrator","1"
"116","tblProductAttributeType","AttribTypeID","46","INSERT","1","2007-03-18 21:51:30","System Administrator","1"
"117","tblProductAttributeType","AttribTypeID","47","INSERT","1","2007-03-18 21:51:30","System Administrator","1"
"118","tblProductAttributeType","AttribTypeID","48","INSERT","1","2007-03-18 21:51:30","System Administrator","1"
"119","tblProductAttributeType","AttribTypeID","49","INSERT","1","2007-03-18 21:51:30","System Administrator","1"
"120","tblProductAttributeType","AttribTypeID","50","INSERT","1","2007-03-18 21:51:30","System Administrator","1"
"121","tblProductAttributeType","AttribTypeID","51","INSERT","1","2007-03-18 21:51:30","System Administrator","1"
"122","tblProductAttributeType","AttribTypeID","52","INSERT","1","2007-03-18 21:51:30","System Administrator","1"
"123","tblProductAttributeType","AttribTypeID","53","INSERT","1","2007-03-18 21:51:30","System Administrator","1"
"124","tblProductAttributeType","AttribTypeID","54","INSERT","1","2007-03-18 21:51:30","System Administrator","1"
"125","tblProductAttributeType","AttribTypeID","55","INSERT","1","2007-03-18 21:51:30","System Administrator","1"
"126","tblProductAttributeType","AttribTypeID","56","INSERT","1","2007-03-18 21:51:30","System Administrator","1"
"127","tblProductAttributeType","AttribTypeID","57","INSERT","1","2007-03-18 21:51:30","System Administrator","1"
"128","tblProductAttributeType","AttribTypeID","58","INSERT","1","2007-03-18 21:51:30","System Administrator","1"
"129","tblProductAttributeType","AttribTypeID","59","INSERT","1","2007-03-18 21:51:30","System Administrator","1"
"130","tblProductAttributeType","AttribTypeID","60","INSERT","1","2007-03-18 21:51:30","System Administrator","1"
"131","tblProductAttributeType","AttribTypeID","61","INSERT","1","2007-03-18 21:51:30","System Administrator","1"
"132","tblProductAttributeType","AttribTypeID","62","INSERT","1","2007-03-18 21:51:30","System Administrator","1"
"133","tblProductAttributeType","AttribTypeID","63","INSERT","1","2007-03-18 21:51:30","System Administrator","1"
"134","tblProductAttributeType","AttribTypeID","64","INSERT","1","2007-03-18 21:51:30","System Administrator","1"
"135","tblProductAttributeType","AttribTypeID","65","INSERT","1","2007-03-18 21:51:30","System Administrator","1"
"136","tblProductAttributeType","AttribTypeID","66","INSERT","1","2007-03-18 21:51:30","System Administrator","1"
"137","tblProductAttributeType","AttribTypeID","67","INSERT","1","2007-03-18 21:51:30","System Administrator","1"
"138","tblProductAttributeType","AttribTypeID","68","INSERT","1","2007-03-18 21:51:30","System Administrator","1"
"139","tblProductAttributeType","AttribTypeID","69","INSERT","1","2007-03-18 21:51:30","System Administrator","1"
"140","tblProductAttributeType","AttribTypeID","70","INSERT","1","2007-03-18 21:51:30","System Administrator","1"
"141","tblProductAttributeType","AttribTypeID","71","INSERT","1","2007-03-18 21:51:30","System Administrator","1"
"142","tblProductAttributeType","AttribTypeID","72","INSERT","1","2007-03-18 21:51:30","System Administrator","1"
"143","tblProductAttributeType","AttribTypeID","73","INSERT","1","2007-03-18 21:51:30","System Administrator","1"
"144","tblProductAttributeType","AttribTypeID","74","INSERT","1","2007-03-18 21:51:30","System Administrator","1"
"145","tblProductAttributeType","AttribTypeID","75","INSERT","1","2007-03-18 21:51:30","System Administrator","1"
"146","tblProductAttributeType","AttribTypeID","76","INSERT","1","2007-03-18 21:51:30","System Administrator","1"
"147","tblProductAttributeType","AttribTypeID","77","INSERT","1","2007-03-18 21:51:30","System Administrator","1"
"148","tblProductAttributeType","AttribTypeID","78","INSERT","1","2007-03-18 21:51:30","System Administrator","1"
"149","tblProductAttributeType","AttribTypeID","79","INSERT","1","2007-03-18 21:51:30","System Administrator","1"
"150","tblProductAttributeType","AttribTypeID","80","INSERT","1","2007-03-18 21:51:30","System Administrator","1"
"151","tblProductAttributeType","AttribTypeID","81","INSERT","1","2007-03-18 21:51:30","System Administrator","1"
"152","tblProductAttributeType","AttribTypeID","82","INSERT","1","2007-03-18 21:51:30","System Administrator","1"
"153","tblProductAttributeType","AttribTypeID","83","INSERT","1","2007-03-18 21:51:30","System Administrator","1"
"154","tblProductAttributeType","AttribTypeID","84","INSERT","1","2007-03-18 21:51:30","System Administrator","1"
"155","tblProductAttributeType","AttribTypeID","85","INSERT","1","2007-03-18 21:51:30","System Administrator","1"
"156","tblProductAttributeType","AttribTypeID","86","INSERT","1","2007-03-18 21:51:30","System Administrator","1"
"157","tblProductAttributeType","AttribTypeID","87","INSERT","1","2007-03-18 21:51:30","System Administrator","1"
"158","tblProductAttributeType","AttribTypeID","88","INSERT","1","2007-03-18 21:51:30","System Administrator","1"
"159","tblProductAttributeType","AttribTypeID","89","INSERT","1","2007-03-18 21:51:30","System Administrator","1"
"160","tblProductAttributeType","AttribTypeID","90","INSERT","1","2007-03-18 21:51:30","System Administrator","1"
"161","tblProductAttributeType","AttribTypeID","91","INSERT","1","2007-03-18 21:51:30","System Administrator","1"
"162","tblProductAttributeType","AttribTypeID","92","INSERT","1","2007-03-18 21:51:30","System Administrator","1"
"163","tblProductAttributeType","AttribTypeID","93","INSERT","1","2007-03-18 21:51:30","System Administrator","1"
"164","tblProductAttributeType","AttribTypeID","94","INSERT","1","2007-03-18 21:51:30","System Administrator","1"
"165","tblProductAttributeType","AttribTypeID","95","INSERT","1","2007-03-18 21:51:30","System Administrator","1"
"166","tblProductAttributeType","AttribTypeID","96","INSERT","1","2007-03-18 21:51:30","System Administrator","1"
"167","tblProductAttributeType","AttribTypeID","97","INSERT","1","2007-03-18 21:51:30","System Administrator","1"
"168","tblProductAttributeType","AttribTypeID","98","INSERT","1","2007-03-18 21:51:30","System Administrator","1"
"169","tblProductAttributeType","AttribTypeID","99","INSERT","1","2007-03-18 21:51:30","System Administrator","1"
"170","tblProductAttributeType","AttribTypeID","100","INSERT","1","2007-03-18 21:51:30","System Administrator","1"
"171","tblProductAttributeType","AttribTypeID","101","INSERT","1","2007-03-18 21:51:30","System Administrator","1"
"172","tblProductAttributeType","AttribTypeID","102","INSERT","1","2007-03-18 21:51:30","System Administrator","1"
"173","tblSearchAttribType","SearchAttribTypeID","1","INSERT","1","2007-03-18 21:51:30","System Administrator","1"
"174","tblSearchAttribType","SearchAttribTypeID","2","INSERT","1","2007-03-18 21:51:30","System Administrator","1"
"175","tblSearchAttribType","SearchAttribTypeID","3","INSERT","1","2007-03-18 21:51:30","System Administrator","1"
"176","tblSearchAttribType","SearchAttribTypeID","4","INSERT","1","2007-03-18 21:51:30","System Administrator","1"
"177","tblSearchAttribType","SearchAttribTypeID","5","INSERT","1","2007-03-18 21:51:30","System Administrator","1"
"178","tblSearchAttribType","SearchAttribTypeID","6","INSERT","1","2007-03-18 21:51:30","System Administrator","1"
"179","tblSearchAttribType","SearchAttribTypeID","7","INSERT","1","2007-03-18 21:51:30","System Administrator","1"
"180","tblSearchAttribType","SearchAttribTypeID","8","INSERT","1","2007-03-18 21:51:30","System Administrator","1"
"181","tblSearchAttribType","SearchAttribTypeID","9","INSERT","1","2007-03-18 21:51:30","System Administrator","1"
"182","tblSearchAttribType","SearchAttribTypeID","10","INSERT","1","2007-03-18 21:51:30","System Administrator","1"
"183","tblSearchAttribType","SearchAttribTypeID","11","INSERT","1","2007-03-18 21:51:30","System Administrator","1"
"184","tblSearchAttribType","SearchAttribTypeID","12","INSERT","1","2007-03-18 21:51:30","System Administrator","1"
"185","tblSearchAttribType","SearchAttribTypeID","13","INSERT","1","2007-03-18 21:51:30","System Administrator","1"
"186","tblSearchAttribType","SearchAttribTypeID","14","INSERT","1","2007-03-18 21:51:30","System Administrator","1"
"187","tblSearchAttribType","SearchAttribTypeID","15","INSERT","1","2007-03-18 21:51:30","System Administrator","1"
"188","tblSearchAttribType","SearchAttribTypeID","16","INSERT","1","2007-03-18 21:51:30","System Administrator","1"
"189","tblSearchAttribType","SearchAttribTypeID","17","INSERT","1","2007-03-18 21:51:30","System Administrator","1"
"190","tblSearchAttribType","SearchAttribTypeID","18","INSERT","1","2007-03-18 21:51:30","System Administrator","1"
"191","tblSearchAttribType","SearchAttribTypeID","19","INSERT","1","2007-03-18 21:51:30","System Administrator","1"
"192","tblSearchAttribType","SearchAttribTypeID","20","INSERT","1","2007-03-18 21:51:30","System Administrator","1"
"193","tblSearchAttribType","SearchAttribTypeID","21","INSERT","1","2007-03-18 21:51:30","System Administrator","1"
"194","tblSearchAttribType","SearchAttribTypeID","22","INSERT","1","2007-03-18 21:51:30","System Administrator","1"
"195","tblSearchAttribType","SearchAttribTypeID","23","INSERT","1","2007-03-18 21:51:30","System Administrator","1"
"196","tblSearchAttribType","SearchAttribTypeID","24","INSERT","1","2007-03-18 21:51:30","System Administrator","1"
"197","tblSearchAttribType","SearchAttribTypeID","25","INSERT","1","2007-03-18 21:51:30","System Administrator","1"
"198","tblSearchAttribType","SearchAttribTypeID","26","INSERT","1","2007-03-18 21:51:30","System Administrator","1"
"199","tblSearchAttribType","SearchAttribTypeID","27","INSERT","1","2007-03-18 21:51:30","System Administrator","1"
"200","tblSearchAttribType","SearchAttribTypeID","28","INSERT","1","2007-03-18 21:51:30","System Administrator","1"
"201","tblSearchAttribType","SearchAttribTypeID","29","INSERT","1","2007-03-18 21:51:30","System Administrator","1"
"202","tblSearchAttribType","SearchAttribTypeID","30","INSERT","1","2007-03-18 21:51:30","System Administrator","1"
"203","tblSearchAttribType","SearchAttribTypeID","31","INSERT","1","2007-03-18 21:51:30","System Administrator","1"
"204","tblSearchAttribType","SearchAttribTypeID","32","INSERT","1","2007-03-18 21:51:30","System Administrator","1"
"205","tblSearchAttribType","SearchAttribTypeID","33","INSERT","1","2007-03-18 21:51:30","System Administrator","1"
"206","tblSearchAttribType","SearchAttribTypeID","34","INSERT","1","2007-03-18 21:51:30","System Administrator","1"
"207","tblSearchAttribType","SearchAttribTypeID","35","INSERT","1","2007-03-18 21:51:30","System Administrator","1"
"208","tblSearchAttribType","SearchAttribTypeID","36","INSERT","1","2007-03-18 21:51:30","System Administrator","1"
"209","tblSearchAttribType","SearchAttribTypeID","37","INSERT","1","2007-03-18 21:51:30","System Administrator","1"
"210","tblSearchAttribType","SearchAttribTypeID","38","INSERT","1","2007-03-18 21:51:30","System Administrator","1"
"211","tblSearchAttribType","SearchAttribTypeID","39","INSERT","1","2007-03-18 21:51:30","System Administrator","1"
"212","tblSearchAttribType","SearchAttribTypeID","40","INSERT","1","2007-03-18 21:51:30","System Administrator","1"
"213","tblSearchAttribType","SearchAttribTypeID","41","INSERT","1","2007-03-18 21:51:30","System Administrator","1"
"214","tblSearchAttribType","SearchAttribTypeID","42","INSERT","1","2007-03-18 21:51:30","System Administrator","1"
"215","tblSearchAttribType","SearchAttribTypeID","43","INSERT","1","2007-03-18 21:51:30","System Administrator","1"
"216","tblSearchAttribType","SearchAttribTypeID","44","INSERT","1","2007-03-18 21:51:30","System Administrator","1"
"217","tblSearchAttribType","SearchAttribTypeID","45","INSERT","1","2007-03-18 21:51:30","System Administrator","1"
"218","tblSearchAttribType","SearchAttribTypeID","46","INSERT","1","2007-03-18 21:51:30","System Administrator","1"
"219","tblSearchAttribType","SearchAttribTypeID","47","INSERT","1","2007-03-18 21:51:30","System Administrator","1"
"220","tblSearchAttribType","SearchAttribTypeID","48","INSERT","1","2007-03-18 21:51:30","System Administrator","1"
"221","tblUrlRewrite","UrlRewriteID","1","INSERT","1","2007-03-18 21:51:30","System Administrator","1"
"222","tblUrlRewrite","UrlRewriteID","2","INSERT","1","2007-03-18 21:51:30","System Administrator","1"
"223","tblUrlRewrite","UrlRewriteID","3","INSERT","1","2007-03-18 21:51:30","System Administrator","1"
"224","tblUrlRewrite","UrlRewriteID","4","INSERT","1","2007-03-18 21:51:30","System Administrator","1"
"225","tblUrlRewrite","UrlRewriteID","5","INSERT","1","2007-03-18 21:51:30","System Administrator","1"
"226","tblUrlRewrite","UrlRewriteID","6","INSERT","1","2007-03-18 21:51:30","System Administrator","1"
"227","tblUrlRewrite","UrlRewriteID","7","INSERT","1","2007-03-18 21:51:30","System Administrator","1"
"228","tblUrlRewrite","UrlRewriteID","8","INSERT","1","2007-03-18 21:51:30","System Administrator","1"
"229","tblUrlRewrite","UrlRewriteID","9","INSERT","1","2007-03-18 21:51:30","System Administrator","1"
"230","tblUrlRewrite","UrlRewriteID","10","INSERT","1","2007-03-18 21:51:30","System Administrator","1"
"231","tblUrlRewrite","UrlRewriteID","11","INSERT","1","2007-03-18 21:51:30","System Administrator","1"
"232","tblUrlRewrite","UrlRewriteID","12","INSERT","1","2007-03-18 21:51:30","System Administrator","1"
"233","tblUrlRewrite","UrlRewriteID","13","INSERT","1","2007-03-18 21:51:30","System Administrator","1"
"234","tblUrlRewrite","UrlRewriteID","14","INSERT","1","2007-03-18 21:51:30","System Administrator","1"
"235","tblUrlRewrite","UrlRewriteID","15","INSERT","1","2007-03-18 21:51:30","System Administrator","1"
"236","tblUrlRewrite","UrlRewriteID","16","INSERT","1","2007-03-18 21:51:30","System Administrator","1"
"237","tblUrlRewrite","UrlRewriteID","17","INSERT","1","2007-03-18 21:51:30","System Administrator","1"
"238","tblUrlRewrite","UrlRewriteID","18","INSERT","1","2007-03-18 21:51:30","System Administrator","1"
"239","tblUrlRewrite","UrlRewriteID","19","INSERT","1","2007-03-18 21:51:30","System Administrator","1"
"240","tblUrlRewrite","UrlRewriteID","20","INSERT","1","2007-03-18 21:51:30","System Administrator","1"
"241","tblUrlRewrite","UrlRewriteID","21","INSERT","1","2007-03-18 21:51:30","System Administrator","1"
"242","tblUrlRewrite","UrlRewriteID","22","INSERT","1","2007-03-18 21:51:30","System Administrator","1"
"243","tblUrlRewrite","UrlRewriteID","23","INSERT","1","2007-03-18 21:51:30","System Administrator","1"
"244","tblUrlRewrite","UrlRewriteID","24","INSERT","1","2007-03-18 21:51:30","System Administrator","1"
"245","tblUrlRewrite","UrlRewriteID","25","INSERT","1","2007-03-18 21:51:30","System Administrator","1"
"246","tblUrlRewrite","UrlRewriteID","26","INSERT","1","2007-03-18 21:51:30","System Administrator","1"
"247","tblUrlRewrite","UrlRewriteID","27","INSERT","1","2007-03-18 21:51:30","System Administrator","1"
"248","tblUrlRewrite","UrlRewriteID","28","INSERT","1","2007-03-18 21:51:30","System Administrator","1"
"249","tblUrlRewrite","UrlRewriteID","29","INSERT","1","2007-03-18 21:51:30","System Administrator","1"
"250","tblUrlRewrite","UrlRewriteID","30","INSERT","1","2007-03-18 21:51:30","System Administrator","1"
"251","tblUrlRewrite","UrlRewriteID","31","INSERT","1","2007-03-18 21:51:30","System Administrator","1"
"252","tblUrlRewrite","UrlRewriteID","32","INSERT","1","2007-03-18 21:51:30","System Administrator","1"
"253","tblUrlRewrite","UrlRewriteID","33","INSERT","1","2007-03-18 21:51:30","System Administrator","1"
"254","tblUrlRewrite","UrlRewriteID","34","INSERT","1","2007-03-18 21:51:30","System Administrator","1"
"255","tblUrlRewrite","UrlRewriteID","35","INSERT","1","2007-03-18 21:51:30","System Administrator","1"
"256","tblUrlRewrite","UrlRewriteID","36","INSERT","1","2007-03-18 21:51:30","System Administrator","1"
"257","tblUrlRewrite","UrlRewriteID","37","INSERT","1","2007-03-18 21:51:30","System Administrator","1"
"258","tblUrlRewrite","UrlRewriteID","38","INSERT","1","2007-03-18 21:51:30","System Administrator","1"
"259","tblUrlRewrite","UrlRewriteID","39","INSERT","1","2007-03-18 21:51:30","System Administrator","1"
"260","tblUrlRewrite","UrlRewriteID","40","INSERT","1","2007-03-18 21:51:30","System Administrator","1"
"261","tblUrlRewrite","UrlRewriteID","41","INSERT","1","2007-03-18 21:51:30","System Administrator","1"
"262","tblUrlRewrite","UrlRewriteID","42","INSERT","1","2007-03-18 21:51:30","System Administrator","1"
"263","tblUrlRewrite","UrlRewriteID","43","INSERT","1","2007-03-18 21:51:30","System Administrator","1"
"264","tblUrlRewrite","UrlRewriteID","44","INSERT","1","2007-03-18 21:51:30","System Administrator","1"
"265","tblUrlRewrite","UrlRewriteID","45","INSERT","1","2007-03-18 21:51:30","System Administrator","1"
"266","tblUrlRewrite","UrlRewriteID","46","INSERT","1","2007-03-18 21:51:30","System Administrator","1"
"267","tblUrlRewrite","UrlRewriteID","47","INSERT","1","2007-03-18 21:51:30","System Administrator","1"
"268","tblUrlRewrite","UrlRewriteID","48","INSERT","1","2007-03-18 21:51:30","System Administrator","1"
"269","tblUrlRewrite","UrlRewriteID","49","INSERT","1","2007-03-18 21:51:30","System Administrator","1"
"270","tblUrlRewrite","UrlRewriteID","50","INSERT","1","2007-03-18 21:51:30","System Administrator","1"
"271","tblUrlRewrite","UrlRewriteID","51","INSERT","1","2007-03-18 21:51:30","System Administrator","1"
"272","tblUrlRewrite","UrlRewriteID","52","INSERT","1","2007-03-18 21:51:30","System Administrator","1"
"273","tblUrlRewrite","UrlRewriteID","53","INSERT","1","2007-03-18 21:51:30","System Administrator","1"
"274","tblUrlRewrite","UrlRewriteID","54","INSERT","1","2007-03-18 21:51:30","System Administrator","1"
"275","tblUrlRewrite","UrlRewriteID","55","INSERT","1","2007-03-18 21:51:30","System Administrator","1"
"276","tblUrlRewrite","UrlRewriteID","56","INSERT","1","2007-03-18 21:51:30","System Administrator","1"
"277","tblBusinessUnit","BusinessUnitID","1","INSERT","1","2007-03-18 21:51:30","System Administrator","1"
"278","tblBusinessUnit","BusinessUnitID","2","INSERT","1","2007-03-18 21:51:30","System Administrator","1"
"279","tblBusinessUnit","BusinessUnitID","3","INSERT","1","2007-03-18 21:51:30","System Administrator","1"
"280","tblBusinessUnit","BusinessUnitID","4","INSERT","1","2007-03-18 21:51:30","System Administrator","1"
"281","tblBusinessUnit","BusinessUnitID","5","INSERT","1","2007-03-18 21:51:30","System Administrator","1"
"282","tblMarket","MarketID","1","INSERT","1","2007-03-18 21:51:30","System Administrator","1"
"283","tblMarket","MarketID","2","INSERT","1","2007-03-18 21:51:30","System Administrator","1"
"284","tblMarket","MarketID","3","INSERT","1","2007-03-18 21:51:30","System Administrator","1"
"285","tblMarket","MarketID","4","INSERT","1","2007-03-18 21:51:30","System Administrator","1"
"286","tblMarket","MarketID","5","INSERT","1","2007-03-18 21:51:30","System Administrator","1"
"287","tblMarket","MarketID","6","INSERT","1","2007-03-18 21:51:30","System Administrator","1"
"288","tblMarket","MarketID","7","INSERT","1","2007-03-18 21:51:30","System Administrator","1"
"289","tblMarket","MarketID","8","INSERT","1","2007-03-18 21:51:30","System Administrator","1"
"290","tblMarket","MarketID","9","INSERT","1","2007-03-18 21:51:30","System Administrator","1"
"291","tblMarket","MarketID","10","INSERT","1","2007-03-18 21:51:30","System Administrator","1"
"292","tblMarket","MarketID","11","INSERT","1","2007-03-18 21:51:30","System Administrator","1"
"293","tblSideNav","ID","1","INSERT","1","2007-03-18 21:51:30","System Administrator","1"
"294","tblSideNav","ID","2","INSERT","1","2007-03-18 21:51:30","System Administrator","1"
"295","tblSideNav","ID","3","INSERT","1","2007-03-18 21:51:30","System Administrator","1"
"296","tblSideNav","ID","4","INSERT","1","2007-03-18 21:51:30","System Administrator","1"
"297","tblSideNav","ID","5","INSERT","1","2007-03-18 21:51:30","System Administrator","1"
"298","tblSideNav","ID","6","INSERT","1","2007-03-18 21:51:30","System Administrator","1"
"299","tblSideNav","ID","7","INSERT","1","2007-03-18 21:51:30","System Administrator","1"
"300","tblSideNav","ID","8","INSERT","1","2007-03-18 21:51:30","System Administrator","1"
"301","tblSideNav","ID","9","INSERT","1","2007-03-18 21:51:30","System Administrator","1"
"302","tblSideNav","ID","10","INSERT","1","2007-03-18 21:51:30","System Administrator","1"
"303","tblSideNav","ID","11","INSERT","1","2007-03-18 21:51:30","System Administrator","1"
"304","tblSideNav","ID","12","INSERT","1","2007-03-18 21:51:30","System Administrator","1"
"305","tblSideNav","ID","13","INSERT","1","2007-03-18 21:51:30","System Administrator","1"
"306","tblSideNav","ID","14","INSERT","1","2007-03-18 21:51:30","System Administrator","1"
"307","tblSideNav","ID","15","INSERT","1","2007-03-18 21:51:30","System Administrator","1"
"308","tblSideNav","ID","16","INSERT","1","2007-03-18 21:51:30","System Administrator","1"
"309","tblSideNav","ID","17","INSERT","1","2007-03-18 21:51:30","System Administrator","1"
"310","tblSideNav","ID","18","INSERT","1","2007-03-18 21:51:30","System Administrator","1"
"311","tblSideNav","ID","19","INSERT","1","2007-03-18 21:51:30","System Administrator","1"
"312","tblSideNav","ID","20","INSERT","1","2007-03-18 21:51:30","System Administrator","1"
"313","tblSideNav","ID","21","INSERT","1","2007-03-18 21:51:30","System Administrator","1"
"314","tblSideNav","ID","22","INSERT","1","2007-03-18 21:51:30","System Administrator","1"
"315","tblSideNav","ID","23","INSERT","1","2007-03-18 21:51:30","System Administrator","1"
"316","tblSideNav","ID","24","INSERT","1","2007-03-18 21:51:30","System Administrator","1"
"317","tblSideNav","ID","25","INSERT","1","2007-03-18 21:51:30","System Administrator","1"
"318","tblSideNav","ID","26","INSERT","1","2007-03-18 21:51:30","System Administrator","1"
"319","tblSideNav","ID","27","INSERT","1","2007-03-18 21:51:30","System Administrator","1"
"320","tblSideNav","ID","28","INSERT","1","2007-03-18 21:51:30","System Administrator","1"
"321","tblSideNav","ID","29","INSERT","1","2007-03-18 21:51:30","System Administrator","1"
"322","tblSideNav","ID","30","INSERT","1","2007-03-18 21:51:30","System Administrator","1"
"323","tblSideNav","ID","31","INSERT","1","2007-03-18 21:51:30","System Administrator","1"
"324","tblSideNav","ID","32","INSERT","1","2007-03-18 21:51:30","System Administrator","1"
"325","tblSideNav","ID","33","INSERT","1","2007-03-18 21:51:30","System Administrator","1"
"326","tblSideNav","ID","34","INSERT","1","2007-03-18 21:51:30","System Administrator","1"
"327","tblSideNav","ID","35","INSERT","1","2007-03-18 21:51:30","System Administrator","1"
"328","tblPage","PageID","1","INSERT","1","2007-03-18 21:51:30","System Administrator","1"
"329","tblPage","PageID","2","INSERT","1","2007-03-18 21:51:30","System Administrator","1"
"330","tblPage","PageID","3","INSERT","1","2007-03-18 21:51:30","System Administrator","1"
"331","tblPage","PageID","4","INSERT","1","2007-03-18 21:51:30","System Administrator","1"
"332","tblPage","PageID","5","INSERT","1","2007-03-18 21:51:30","System Administrator","1"
"333","tblPage","PageID","6","INSERT","1","2007-03-18 21:51:30","System Administrator","1"
"334","tblPage","PageID","7","INSERT","1","2007-03-18 21:51:30","System Administrator","1"
"335","tblPage","PageID","8","INSERT","1","2007-03-18 21:51:30","System Administrator","1"
"336","tblPage","PageID","9","INSERT","1","2007-03-18 21:51:30","System Administrator","1"
"337","tblPage","PageID","10","INSERT","1","2007-03-18 21:51:30","System Administrator","1"
"338","tblPage","PageID","11","INSERT","1","2007-03-18 21:51:30","System Administrator","1"
"339","tblPage","PageID","12","INSERT","1","2007-03-18 21:51:30","System Administrator","1"
"340","tblPage","PageID","13","INSERT","1","2007-03-18 21:51:30","System Administrator","1"
"341","tblPage","PageID","14","INSERT","1","2007-03-18 21:51:30","System Administrator","1"
"342","tblPage","PageID","15","INSERT","1","2007-03-18 21:51:30","System Administrator","1"
"343","tblPage","PageID","16","INSERT","1","2007-03-18 21:51:30","System Administrator","1"
"344","tblPage","PageID","17","INSERT","1","2007-03-18 21:51:30","System Administrator","1"
"345","tblPage","PageID","18","INSERT","1","2007-03-18 21:51:30","System Administrator","1"
"346","tblPage","PageID","19","INSERT","1","2007-03-18 21:51:30","System Administrator","1"
"347","tblPage","PageID","20","INSERT","1","2007-03-18 21:51:30","System Administrator","1"
"348","tblPage","PageID","21","INSERT","1","2007-03-18 21:51:30","System Administrator","1"
"349","tblPage","PageID","22","INSERT","1","2007-03-18 21:51:30","System Administrator","1"
"350","tblPage","PageID","23","INSERT","1","2007-03-18 21:51:30","System Administrator","1"
"351","tblPage","PageID","24","INSERT","1","2007-03-18 21:51:30","System Administrator","1"
"352","tblPage","PageID","25","INSERT","1","2007-03-18 21:51:30","System Administrator","1"
"353","tblPage","PageID","26","INSERT","1","2007-03-18 21:51:30","System Administrator","1"
"354","tblPage","PageID","27","INSERT","1","2007-03-18 21:51:30","System Administrator","1"
"355","tblPage","PageID","28","INSERT","1","2007-03-18 21:51:30","System Administrator","1"
"356","tblPage","PageID","29","INSERT","1","2007-03-18 21:51:30","System Administrator","1"
"357","tblPage","PageID","30","INSERT","1","2007-03-18 21:51:30","System Administrator","1"
"358","tblPage","PageID","31","INSERT","1","2007-03-18 21:51:30","System Administrator","1"
"359","tblPage","PageID","32","INSERT","1","2007-03-18 21:51:30","System Administrator","1"
"360","tblPage","PageID","33","INSERT","1","2007-03-18 21:51:30","System Administrator","1"
"361","tblPage","PageID","34","INSERT","1","2007-03-18 21:51:30","System Administrator","1"
"362","tblPage","PageID","35","INSERT","1","2007-03-18 21:51:30","System Administrator","1"
"363","tblPage","PageID","36","INSERT","1","2007-03-18 21:51:30","System Administrator","1"
"364","tblPage","PageID","37","INSERT","1","2007-03-18 21:51:30","System Administrator","1"
"365","tblPage","PageID","38","INSERT","1","2007-03-18 21:51:30","System Administrator","1"
"366","tblPage","PageID","39","INSERT","1","2007-03-18 21:51:30","System Administrator","1"
"367","tblPage","PageID","40","INSERT","1","2007-03-18 21:51:30","System Administrator","1"
"368","tblPage","PageID","41","INSERT","1","2007-03-18 21:51:30","System Administrator","1"
"369","tblPage","PageID","42","INSERT","1","2007-03-18 21:51:30","System Administrator","1"
"370","tblPage","PageID","43","INSERT","1","2007-03-18 21:51:30","System Administrator","1"
"371","tblPage","PageID","44","INSERT","1","2007-03-18 21:51:30","System Administrator","1"
"372","tblPage","PageID","45","INSERT","1","2007-03-18 21:51:30","System Administrator","1"
"373","tblPage","PageID","46","INSERT","1","2007-03-18 21:51:30","System Administrator","1"
"374","tblPage","PageID","47","INSERT","1","2007-03-18 21:51:30","System Administrator","1"
"375","tblPage","PageID","48","INSERT","1","2007-03-18 21:51:30","System Administrator","1"
"376","tblPage","PageID","49","INSERT","1","2007-03-18 21:51:30","System Administrator","1"
"377","tblPage","PageID","50","INSERT","1","2007-03-18 21:51:30","System Administrator","1"
"378","tblPage","PageID","51","INSERT","1","2007-03-18 21:51:30","System Administrator","1"
"379","tblPage","PageID","52","INSERT","1","2007-03-18 21:51:30","System Administrator","1"
"380","tblPage","PageID","53","INSERT","1","2007-03-18 21:51:30","System Administrator","1"
"381","tblPage","PageID","54","INSERT","1","2007-03-18 21:51:30","System Administrator","1"
"382","tblPage","PageID","55","INSERT","1","2007-03-18 21:51:30","System Administrator","1"
"383","tblPage","PageID","56","INSERT","1","2007-03-18 21:51:30","System Administrator","1"
"384","tblContentModule","ContentID","1","INSERT","1","2007-03-18 21:51:30","System Administrator","1"
"385","tblContentModule","ContentID","2","INSERT","1","2007-03-18 21:51:30","System Administrator","1"
"386","tblContentModule","ContentID","3","INSERT","1","2007-03-18 21:51:30","System Administrator","1"
"387","tblContentModule","ContentID","4","INSERT","1","2007-03-18 21:51:30","System Administrator","1"
"388","tblContentModule","ContentID","5","INSERT","1","2007-03-18 21:51:30","System Administrator","1"
"389","tblContentModule","ContentID","6","INSERT","1","2007-03-18 21:51:30","System Administrator","1"
"390","tblContentModule","ContentID","7","INSERT","1","2007-03-18 21:51:30","System Administrator","1"
"391","tblContentModule","ContentID","8","INSERT","1","2007-03-18 21:51:30","System Administrator","1"
"392","tblContentModule","ContentID","9","INSERT","1","2007-03-18 21:51:30","System Administrator","1"
"393","tblContentModule","ContentID","10","INSERT","1","2007-03-18 21:51:30","System Administrator","1"
"394","tblContentModule","ContentID","11","INSERT","1","2007-03-18 21:51:30","System Administrator","1"
"395","tblContentModule","ContentID","12","INSERT","1","2007-03-18 21:51:30","System Administrator","1"
"396","tblContentModule","ContentID","13","INSERT","1","2007-03-18 21:51:30","System Administrator","1"
"397","tblContentModule","ContentID","14","INSERT","1","2007-03-18 21:51:30","System Administrator","1"
"398","tblContentModule","ContentID","15","INSERT","1","2007-03-18 21:51:30","System Administrator","1"
"399","tblContentModule","ContentID","16","INSERT","1","2007-03-18 21:51:30","System Administrator","1"
"400","tblContentModule","ContentID","17","INSERT","1","2007-03-18 21:51:30","System Administrator","1"
"401","tblContentModule","ContentID","18","INSERT","1","2007-03-18 21:51:30","System Administrator","1"
"402","tblContentModule","ContentID","19","INSERT","1","2007-03-18 21:51:30","System Administrator","1"
"403","tblContentModule","ContentID","20","INSERT","1","2007-03-18 21:51:30","System Administrator","1"
"404","tblContentModule","ContentID","21","INSERT","1","2007-03-18 21:51:30","System Administrator","1"
"405","tblContentModule","ContentID","22","INSERT","1","2007-03-18 21:51:30","System Administrator","1"
"406","tblContentModule","ContentID","23","INSERT","1","2007-03-18 21:51:30","System Administrator","1"
"407","tblContentModule","ContentID","24","INSERT","1","2007-03-18 21:51:30","System Administrator","1"
"408","tblContentModule","ContentID","25","INSERT","1","2007-03-18 21:51:30","System Administrator","1"
"409","tblContentModule","ContentID","26","INSERT","1","2007-03-18 21:51:30","System Administrator","1"
"410","tblContentModule","ContentID","27","INSERT","1","2007-03-18 21:51:30","System Administrator","1"
"411","tblContentModule","ContentID","28","INSERT","1","2007-03-18 21:51:30","System Administrator","1"
"412","tblContentModule","ContentID","29","INSERT","1","2007-03-18 21:51:30","System Administrator","1"
"413","tblContentModule","ContentID","30","INSERT","1","2007-03-18 21:51:30","System Administrator","1"
"414","tblContentModule","ContentID","31","INSERT","1","2007-03-18 21:51:30","System Administrator","1"
"415","tblContentModule","ContentID","32","INSERT","1","2007-03-18 21:51:30","System Administrator","1"
"416","tblContentModule","ContentID","33","INSERT","1","2007-03-18 21:51:30","System Administrator","1"
"417","tblContentModule","ContentID","34","INSERT","1","2007-03-18 21:51:30","System Administrator","1"
"418","tblContentModule","ContentID","35","INSERT","1","2007-03-18 21:51:30","System Administrator","1"
"419","tblContentModule","ContentID","36","INSERT","1","2007-03-18 21:51:30","System Administrator","1"
"420","tblContentModule","ContentID","37","INSERT","1","2007-03-18 21:51:30","System Administrator","1"
"421","tblContentModule","ContentID","38","INSERT","1","2007-03-18 21:51:30","System Administrator","1"
"422","tblContentModule","ContentID","39","INSERT","1","2007-03-18 21:51:30","System Administrator","1"
"423","tblContentModule","ContentID","40","INSERT","1","2007-03-18 21:51:30","System Administrator","1"
"424","tblContentModule","ContentID","41","INSERT","1","2007-03-18 21:51:30","System Administrator","1"
"425","tblContentModule","ContentID","42","INSERT","1","2007-03-18 21:51:30","System Administrator","1"
"426","tblContentModule","ContentID","43","INSERT","1","2007-03-18 21:51:30","System Administrator","1"
"427","tblContentModule","ContentID","44","INSERT","1","2007-03-18 21:51:30","System Administrator","1"
"428","tblContentModule","ContentID","45","INSERT","1","2007-03-18 21:51:30","System Administrator","1"
"429","tblContentModule","ContentID","46","INSERT","1","2007-03-18 21:51:30","System Administrator","1"
"430","tblContentModule","ContentID","47","INSERT","1","2007-03-18 21:51:30","System Administrator","1"
"431","tblContentModule","ContentID","48","INSERT","1","2007-03-18 21:51:30","System Administrator","1"
"432","tblContentModule","ContentID","49","INSERT","1","2007-03-18 21:51:30","System Administrator","1"
"433","tblContentModule","ContentID","50","INSERT","1","2007-03-18 21:51:30","System Administrator","1"
"434","tblContentModule","ContentID","51","INSERT","1","2007-03-18 21:51:30","System Administrator","1"
"435","tblContentModule","ContentID","52","INSERT","1","2007-03-18 21:51:30","System Administrator","1"
"436","tblContentModule","ContentID","53","INSERT","1","2007-03-18 21:51:30","System Administrator","1"
"437","tblContentModule","ContentID","54","INSERT","1","2007-03-18 21:51:30","System Administrator","1"
"438","tblContentModule","ContentID","55","INSERT","1","2007-03-18 21:51:30","System Administrator","1"
"439","tblContentModule","ContentID","56","INSERT","1","2007-03-18 21:51:30","System Administrator","1"
"440","tblContentModule","ContentID","57","INSERT","1","2007-03-18 21:51:30","System Administrator","1"
"441","tblContentModule","ContentID","58","INSERT","1","2007-03-18 21:51:30","System Administrator","1"
"442","tblHeaderSideContentModule","HeaderSideContentModuleID","1","INSERT","1","2007-03-18 21:51:30","System Administrator","1"
"443","tblHeaderSideContentModule","HeaderSideContentModuleID","2","INSERT","1","2007-03-18 21:51:30","System Administrator","1"
"444","tblHeaderSideContentModule","HeaderSideContentModuleID","3","INSERT","1","2007-03-18 21:51:30","System Administrator","1"
"445","tblHeaderSideContentModule","HeaderSideContentModuleID","4","INSERT","1","2007-03-18 21:51:30","System Administrator","1"
"446","tblHeaderSideContentModule","HeaderSideContentModuleID","5","INSERT","1","2007-03-18 21:51:30","System Administrator","1"
"447","tblHeaderSideContentModule","HeaderSideContentModuleID","6","INSERT","1","2007-03-18 21:51:30","System Administrator","1"
"448","tblHeaderSideContentModule","HeaderSideContentModuleID","7","INSERT","1","2007-03-18 21:51:30","System Administrator","1"
"449","tblHeaderSideContentModule","HeaderSideContentModuleID","8","INSERT","1","2007-03-18 21:51:30","System Administrator","1"
"450","tblHeaderSideContentModule","HeaderSideContentModuleID","9","INSERT","1","2007-03-18 21:51:30","System Administrator","1"
"451","tblHeaderSideContentModule","HeaderSideContentModuleID","10","INSERT","1","2007-03-18 21:51:30","System Administrator","1"
"452","tblHeaderSideContentModule","HeaderSideContentModuleID","11","INSERT","1","2007-03-18 21:51:30","System Administrator","1"
"453","tblImageModule","ImageModuleID","1","INSERT","1","2007-03-18 21:51:30","System Administrator","1"
"454","tblImageModule","ImageModuleID","2","INSERT","1","2007-03-18 21:51:30","System Administrator","1"
"455","tblImageModule","ImageModuleID","3","INSERT","1","2007-03-18 21:51:30","System Administrator","1"
"456","tblImageModule","ImageModuleID","4","INSERT","1","2007-03-18 21:51:30","System Administrator","1"
"457","tblImageModule","ImageModuleID","5","INSERT","1","2007-03-18 21:51:30","System Administrator","1"
"458","tblImageModule","ImageModuleID","6","INSERT","1","2007-03-18 21:51:30","System Administrator","1"
"459","tblImageModule","ImageModuleID","7","INSERT","1","2007-03-18 21:51:30","System Administrator","1"
"460","tblImageModule","ImageModuleID","8","INSERT","1","2007-03-18 21:51:30","System Administrator","1"
"461","tblImageModule","ImageModuleID","9","INSERT","1","2007-03-18 21:51:30","System Administrator","1"
"462","tblImageModule","ImageModuleID","10","INSERT","1","2007-03-18 21:51:30","System Administrator","1"
"463","tblImageModule","ImageModuleID","11","INSERT","1","2007-03-18 21:51:30","System Administrator","1"
"464","tblImageModule","ImageModuleID","12","INSERT","1","2007-03-18 21:51:30","System Administrator","1"
"465","tblImageModule","ImageModuleID","13","INSERT","1","2007-03-18 21:51:30","System Administrator","1"
"466","tblImageModule","ImageModuleID","14","INSERT","1","2007-03-18 21:51:30","System Administrator","1"
"467","tblImageModule","ImageModuleID","15","INSERT","1","2007-03-18 21:51:30","System Administrator","1"
"468","tblImageModule","ImageModuleID","16","INSERT","1","2007-03-18 21:51:30","System Administrator","1"
"469","tblImageModule","ImageModuleID","17","INSERT","1","2007-03-18 21:51:30","System Administrator","1"
"470","tblImageModule","ImageModuleID","18","INSERT","1","2007-03-18 21:51:30","System Administrator","1"
"471","tblImageModule","ImageModuleID","19","INSERT","1","2007-03-18 21:51:30","System Administrator","1"
"472","tblImageModule","ImageModuleID","20","INSERT","1","2007-03-18 21:51:30","System Administrator","1"
"473","tblImageModule","ImageModuleID","21","INSERT","1","2007-03-18 21:51:30","System Administrator","1"
"474","tblImageModule","ImageModuleID","22","INSERT","1","2007-03-18 21:51:30","System Administrator","1"
"475","tblImageModule","ImageModuleID","23","INSERT","1","2007-03-18 21:51:30","System Administrator","1"
"476","tblImageModule","ImageModuleID","24","INSERT","1","2007-03-18 21:51:30","System Administrator","1"
"477","tblImageModule","ImageModuleID","25","INSERT","1","2007-03-18 21:51:30","System Administrator","1"
"478","tblImageModule","ImageModuleID","26","INSERT","1","2007-03-18 21:51:30","System Administrator","1"
"479","tblImageModule","ImageModuleID","27","INSERT","1","2007-03-18 21:51:30","System Administrator","1"
"480","tblImageModule","ImageModuleID","28","INSERT","1","2007-03-18 21:51:30","System Administrator","1"
"481","tblImageModule","ImageModuleID","29","INSERT","1","2007-03-18 21:51:30","System Administrator","1"
"482","tblImageModule","ImageModuleID","30","INSERT","1","2007-03-18 21:51:30","System Administrator","1"
"483","tblImageModule","ImageModuleID","31","INSERT","1","2007-03-18 21:51:30","System Administrator","1"
"484","tblImageModule","ImageModuleID","32","INSERT","1","2007-03-18 21:51:30","System Administrator","1"
"485","tblImageModule","ImageModuleID","33","INSERT","1","2007-03-18 21:51:30","System Administrator","1"
"486","tblImageModule","ImageModuleID","34","INSERT","1","2007-03-18 21:51:30","System Administrator","1"
"487","tblImageModule","ImageModuleID","35","INSERT","1","2007-03-18 21:51:30","System Administrator","1"
"488","tblImageModule","ImageModuleID","36","INSERT","1","2007-03-18 21:51:30","System Administrator","1"
"489","tblImageModule","ImageModuleID","37","INSERT","1","2007-03-18 21:51:30","System Administrator","1"
"490","tblImageModule","ImageModuleID","38","INSERT","1","2007-03-18 21:51:30","System Administrator","1"
"491","tblImageModule","ImageModuleID","39","INSERT","1","2007-03-18 21:51:30","System Administrator","1"
"492","tblImageModule","ImageModuleID","40","INSERT","1","2007-03-18 21:51:30","System Administrator","1"
"493","tblImageModule","ImageModuleID","41","INSERT","1","2007-03-18 21:51:30","System Administrator","1"
"494","tblImageModule","ImageModuleID","42","INSERT","1","2007-03-18 21:51:30","System Administrator","1"
"495","tblImageModule","ImageModuleID","43","INSERT","1","2007-03-18 21:51:30","System Administrator","1"
"496","tblImageModule","ImageModuleID","44","INSERT","1","2007-03-18 21:51:30","System Administrator","1"
"497","tblSideNavProdCategory","ProdCatID","1","INSERT","1","2007-03-18 21:51:30","System Administrator","1"
"498","tblSideNavProdCategory","ProdCatID","2","INSERT","1","2007-03-18 21:51:30","System Administrator","1"
"499","tblSideNavProdCategory","ProdCatID","3","INSERT","1","2007-03-18 21:51:30","System Administrator","1"
"500","tblSideNavProdCategory","ProdCatID","4","INSERT","1","2007-03-18 21:51:30","System Administrator","1"
"501","tblSideNavProdCategory","ProdCatID","5","INSERT","1","2007-03-18 21:51:30","System Administrator","1"
"502","tblSideNavProdCategory","ProdCatID","6","INSERT","1","2007-03-18 21:51:30","System Administrator","1"
"503","tblSideNavProdCategory","ProdCatID","7","INSERT","1","2007-03-18 21:51:30","System Administrator","1"
"504","tblSideNavProdCategory","ProdCatID","8","INSERT","1","2007-03-18 21:51:30","System Administrator","1"
"505","tblPageModuleReln","PageModuleRelnID","1","INSERT","1","2007-03-18 21:51:30","System Administrator","1"
"506","tblPageModuleReln","PageModuleRelnID","2","INSERT","1","2007-03-18 21:51:30","System Administrator","1"
"507","tblPageModuleReln","PageModuleRelnID","3","INSERT","1","2007-03-18 21:51:30","System Administrator","1"
"508","tblPageModuleReln","PageModuleRelnID","4","INSERT","1","2007-03-18 21:51:30","System Administrator","1"
"509","tblPageModuleReln","PageModuleRelnID","5","INSERT","1","2007-03-18 21:51:30","System Administrator","1"
"510","tblPageModuleReln","PageModuleRelnID","6","INSERT","1","2007-03-18 21:51:30","System Administrator","1"
"511","tblPageModuleReln","PageModuleRelnID","7","INSERT","1","2007-03-18 21:51:30","System Administrator","1"
"512","tblPageModuleReln","PageModuleRelnID","8","INSERT","1","2007-03-18 21:51:30","System Administrator","1"
"513","tblPageModuleReln","PageModuleRelnID","9","INSERT","1","2007-03-18 21:51:30","System Administrator","1"
"514","tblPageModuleReln","PageModuleRelnID","10","INSERT","1","2007-03-18 21:51:30","System Administrator","1"
"515","tblPageModuleReln","PageModuleRelnID","11","INSERT","1","2007-03-18 21:51:30","System Administrator","1"
"516","tblPageModuleReln","PageModuleRelnID","12","INSERT","1","2007-03-18 21:51:30","System Administrator","1"
"517","tblPageModuleReln","PageModuleRelnID","13","INSERT","1","2007-03-18 21:51:30","System Administrator","1"
"518","tblPageModuleReln","PageModuleRelnID","14","INSERT","1","2007-03-18 21:51:30","System Administrator","1"
"519","tblPageModuleReln","PageModuleRelnID","15","INSERT","1","2007-03-18 21:51:30","System Administrator","1"
"520","tblPageModuleReln","PageModuleRelnID","16","INSERT","1","2007-03-18 21:51:30","System Administrator","1"
"521","tblPageModuleReln","PageModuleRelnID","17","INSERT","1","2007-03-18 21:51:30","System Administrator","1"
"522","tblPageModuleReln","PageModuleRelnID","18","INSERT","1","2007-03-18 21:51:30","System Administrator","1"
"523","tblPageModuleReln","PageModuleRelnID","19","INSERT","1","2007-03-18 21:51:30","System Administrator","1"
"524","tblPageModuleReln","PageModuleRelnID","20","INSERT","1","2007-03-18 21:51:30","System Administrator","1"
"525","tblPageModuleReln","PageModuleRelnID","21","INSERT","1","2007-03-18 21:51:30","System Administrator","1"
"526","tblPageModuleReln","PageModuleRelnID","22","INSERT","1","2007-03-18 21:51:30","System Administrator","1"
"527","tblPageModuleReln","PageModuleRelnID","23","INSERT","1","2007-03-18 21:51:30","System Administrator","1"
"528","tblPageModuleReln","PageModuleRelnID","24","INSERT","1","2007-03-18 21:51:30","System Administrator","1"
"529","tblPageModuleReln","PageModuleRelnID","25","INSERT","1","2007-03-18 21:51:30","System Administrator","1"
"530","tblPageModuleReln","PageModuleRelnID","26","INSERT","1","2007-03-18 21:51:30","System Administrator","1"
"531","tblPageModuleReln","PageModuleRelnID","27","INSERT","1","2007-03-18 21:51:30","System Administrator","1"
"532","tblPageModuleReln","PageModuleRelnID","28","INSERT","1","2007-03-18 21:51:30","System Administrator","1"
"533","tblPageModuleReln","PageModuleRelnID","29","INSERT","1","2007-03-18 21:51:30","System Administrator","1"
"534","tblPageModuleReln","PageModuleRelnID","30","INSERT","1","2007-03-18 21:51:30","System Administrator","1"
"535","tblPageModuleReln","PageModuleRelnID","31","INSERT","1","2007-03-18 21:51:30","System Administrator","1"
"536","tblPageModuleReln","PageModuleRelnID","32","INSERT","1","2007-03-18 21:51:30","System Administrator","1"
"537","tblPageModuleReln","PageModuleRelnID","33","INSERT","1","2007-03-18 21:51:30","System Administrator","1"
"538","tblPageModuleReln","PageModuleRelnID","34","INSERT","1","2007-03-18 21:51:30","System Administrator","1"
"539","tblPageModuleReln","PageModuleRelnID","35","INSERT","1","2007-03-18 21:51:30","System Administrator","1"
"540","tblPageModuleReln","PageModuleRelnID","36","INSERT","1","2007-03-18 21:51:30","System Administrator","1"
"541","tblPageModuleReln","PageModuleRelnID","37","INSERT","1","2007-03-18 21:51:30","System Administrator","1"
"542","tblPageModuleReln","PageModuleRelnID","38","INSERT","1","2007-03-18 21:51:30","System Administrator","1"
"543","tblPageModuleReln","PageModuleRelnID","39","INSERT","1","2007-03-18 21:51:30","System Administrator","1"
"544","tblPageModuleReln","PageModuleRelnID","40","INSERT","1","2007-03-18 21:51:30","System Administrator","1"
"545","tblPageModuleReln","PageModuleRelnID","41","INSERT","1","2007-03-18 21:51:30","System Administrator","1"
"546","tblPageModuleReln","PageModuleRelnID","42","INSERT","1","2007-03-18 21:51:30","System Administrator","1"
"547","tblPageModuleReln","PageModuleRelnID","43","INSERT","1","2007-03-18 21:51:30","System Administrator","1"
"548","tblPageModuleReln","PageModuleRelnID","44","INSERT","1","2007-03-18 21:51:30","System Administrator","1"
"549","tblPageModuleReln","PageModuleRelnID","45","INSERT","1","2007-03-18 21:51:30","System Administrator","1"
"550","tblPageModuleReln","PageModuleRelnID","46","INSERT","1","2007-03-18 21:51:30","System Administrator","1"
"551","tblPageModuleReln","PageModuleRelnID","47","INSERT","1","2007-03-18 21:51:30","System Administrator","1"
"552","tblPageModuleReln","PageModuleRelnID","48","INSERT","1","2007-03-18 21:51:30","System Administrator","1"
"553","tblPageModuleReln","PageModuleRelnID","49","INSERT","1","2007-03-18 21:51:30","System Administrator","1"
"554","tblPageModuleReln","PageModuleRelnID","50","INSERT","1","2007-03-18 21:51:30","System Administrator","1"
"555","tblPageModuleReln","PageModuleRelnID","51","INSERT","1","2007-03-18 21:51:30","System Administrator","1"
"556","tblPageModuleReln","PageModuleRelnID","52","INSERT","1","2007-03-18 21:51:30","System Administrator","1"
"557","tblPageModuleReln","PageModuleRelnID","53","INSERT","1","2007-03-18 21:51:30","System Administrator","1"
"558","tblPageModuleReln","PageModuleRelnID","54","INSERT","1","2007-03-18 21:51:30","System Administrator","1"
"559","tblPageModuleReln","PageModuleRelnID","55","INSERT","1","2007-03-18 21:51:30","System Administrator","1"
"560","tblPageModuleReln","PageModuleRelnID","56","INSERT","1","2007-03-18 21:51:30","System Administrator","1"
"561","tblPageModuleReln","PageModuleRelnID","57","INSERT","1","2007-03-18 21:51:30","System Administrator","1"
"562","tblPageModuleReln","PageModuleRelnID","58","INSERT","1","2007-03-18 21:51:30","System Administrator","1"
"563","tblPageModuleReln","PageModuleRelnID","59","INSERT","1","2007-03-18 21:51:30","System Administrator","1"
"564","tblPageModuleReln","PageModuleRelnID","60","INSERT","1","2007-03-18 21:51:30","System Administrator","1"
"565","tblPageModuleReln","PageModuleRelnID","61","INSERT","1","2007-03-18 21:51:30","System Administrator","1"
"566","tblPageModuleReln","PageModuleRelnID","62","INSERT","1","2007-03-18 21:51:30","System Administrator","1"
"567","tblPageModuleReln","PageModuleRelnID","63","INSERT","1","2007-03-18 21:51:30","System Administrator","1"
"568","tblPageModuleReln","PageModuleRelnID","64","INSERT","1","2007-03-18 21:51:30","System Administrator","1"
"569","tblPageModuleReln","PageModuleRelnID","65","INSERT","1","2007-03-18 21:51:30","System Administrator","1"
"570","tblPageModuleReln","PageModuleRelnID","66","INSERT","1","2007-03-18 21:51:30","System Administrator","1"
"571","tblPageModuleReln","PageModuleRelnID","67","INSERT","1","2007-03-18 21:51:30","System Administrator","1"
"572","tblPageModuleReln","PageModuleRelnID","68","INSERT","1","2007-03-18 21:51:30","System Administrator","1"
"573","tblPageModuleReln","PageModuleRelnID","69","INSERT","1","2007-03-18 21:51:30","System Administrator","1"
"574","tblPageModuleReln","PageModuleRelnID","70","INSERT","1","2007-03-18 21:51:30","System Administrator","1"
"575","tblPageModuleReln","PageModuleRelnID","71","INSERT","1","2007-03-18 21:51:30","System Administrator","1"
"576","tblPageModuleReln","PageModuleRelnID","72","INSERT","1","2007-03-18 21:51:30","System Administrator","1"
"577","tblPageModuleReln","PageModuleRelnID","73","INSERT","1","2007-03-18 21:51:30","System Administrator","1"
"578","tblPageModuleReln","PageModuleRelnID","74","INSERT","1","2007-03-18 21:51:30","System Administrator","1"
"579","tblPageModuleReln","PageModuleRelnID","75","INSERT","1","2007-03-18 21:51:30","System Administrator","1"
"580","tblPageModuleReln","PageModuleRelnID","76","INSERT","1","2007-03-18 21:51:30","System Administrator","1"
"581","tblPageModuleReln","PageModuleRelnID","77","INSERT","1","2007-03-18 21:51:30","System Administrator","1"
"582","tblPageModuleReln","PageModuleRelnID","78","INSERT","1","2007-03-18 21:51:30","System Administrator","1"
"583","tblPageModuleReln","PageModuleRelnID","79","INSERT","1","2007-03-18 21:51:30","System Administrator","1"
"584","tblPageModuleReln","PageModuleRelnID","80","INSERT","1","2007-03-18 21:51:30","System Administrator","1"
"585","tblPageModuleReln","PageModuleRelnID","81","INSERT","1","2007-03-18 21:51:30","System Administrator","1"
"586","tblPageModuleReln","PageModuleRelnID","82","INSERT","1","2007-03-18 21:51:30","System Administrator","1"
"587","tblPageModuleReln","PageModuleRelnID","83","INSERT","1","2007-03-18 21:51:30","System Administrator","1"
"588","tblPageModuleReln","PageModuleRelnID","84","INSERT","1","2007-03-18 21:51:30","System Administrator","1"
"589","tblPageModuleReln","PageModuleRelnID","85","INSERT","1","2007-03-18 21:51:30","System Administrator","1"
"590","tblPageModuleReln","PageModuleRelnID","86","INSERT","1","2007-03-18 21:51:30","System Administrator","1"
"591","tblPageModuleReln","PageModuleRelnID","87","INSERT","1","2007-03-18 21:51:30","System Administrator","1"
"592","tblPageModuleReln","PageModuleRelnID","88","INSERT","1","2007-03-18 21:51:30","System Administrator","1"
"593","tblPageModuleReln","PageModuleRelnID","89","INSERT","1","2007-03-18 21:51:30","System Administrator","1"
"594","tblPageModuleReln","PageModuleRelnID","90","INSERT","1","2007-03-18 21:51:30","System Administrator","1"
"595","tblPageModuleReln","PageModuleRelnID","91","INSERT","1","2007-03-18 21:51:30","System Administrator","1"
"596","tblPageModuleReln","PageModuleRelnID","92","INSERT","1","2007-03-18 21:51:30","System Administrator","1"
"597","tblPageModuleReln","PageModuleRelnID","93","INSERT","1","2007-03-18 21:51:30","System Administrator","1"
"598","tblPageModuleReln","PageModuleRelnID","94","INSERT","1","2007-03-18 21:51:30","System Administrator","1"
"599","tblPageModuleReln","PageModuleRelnID","95","INSERT","1","2007-03-18 21:51:30","System Administrator","1"
"600","tblPageModuleReln","PageModuleRelnID","96","INSERT","1","2007-03-18 21:51:30","System Administrator","1"
"601","tblPageModuleReln","PageModuleRelnID","97","INSERT","1","2007-03-18 21:51:30","System Administrator","1"
"602","tblPageModuleReln","PageModuleRelnID","98","INSERT","1","2007-03-18 21:51:30","System Administrator","1"
"603","tblPageModuleReln","PageModuleRelnID","99","INSERT","1","2007-03-18 21:51:30","System Administrator","1"
"604","tblPageModuleReln","PageModuleRelnID","100","INSERT","1","2007-03-18 21:51:30","System Administrator","1"
"605","tblPageModuleReln","PageModuleRelnID","101","INSERT","1","2007-03-18 21:51:30","System Administrator","1"
"606","tblPageModuleReln","PageModuleRelnID","102","INSERT","1","2007-03-18 21:51:30","System Administrator","1"
"607","tblPageModuleReln","PageModuleRelnID","103","INSERT","1","2007-03-18 21:51:30","System Administrator","1"
"608","tblPageModuleReln","PageModuleRelnID","104","INSERT","1","2007-03-18 21:51:30","System Administrator","1"
"609","tblPageModuleReln","PageModuleRelnID","105","INSERT","1","2007-03-18 21:51:30","System Administrator","1"
"610","tblPageModuleReln","PageModuleRelnID","106","INSERT","1","2007-03-18 21:51:30","System Administrator","1"
"611","tblPageModuleReln","PageModuleRelnID","107","INSERT","1","2007-03-18 21:51:30","System Administrator","1"
"612","tblPageModuleReln","PageModuleRelnID","108","INSERT","1","2007-03-18 21:51:30","System Administrator","1"
"613","tblPageModuleReln","PageModuleRelnID","109","INSERT","1","2007-03-18 21:51:30","System Administrator","1"
"614","tblPageModuleReln","PageModuleRelnID","110","INSERT","1","2007-03-18 21:51:30","System Administrator","1"
"615","tblPageModuleReln","PageModuleRelnID","111","INSERT","1","2007-03-18 21:51:30","System Administrator","1"
"616","tblPageModuleReln","PageModuleRelnID","112","INSERT","1","2007-03-18 21:51:30","System Administrator","1"
"617","tblPageModuleReln","PageModuleRelnID","113","INSERT","1","2007-03-18 21:51:30","System Administrator","1"
