"ImagePath","Alt","Width","Height","PublishDate","ExpirationDate","WorkflowStatus","LastModifiedDate","LastModifiedBy","ActiveFlag","MarkedForDeletion","DeploymentJobID","ImageID"
"web/files/images/logos/petrofermlogo.png","Petroferm Inc.","1","1","2007-03-18 00:00:00","2037-03-18 00:00:00","LIVE","2007-03-18 21:51:00","1","1","0","1","1"
"web/files/images/header/petroferm_home_menu2.jpg","Petroferm Inc.","443","110","2007-03-18 00:00:00","2037-03-18 00:00:00","LIVE","2007-03-18 21:51:00","1","1","0","1","2"
"web/files/images/logos/PetrofermCleaningLogo.gif","Petroferm Cleaning Division","0","0","2007-03-18 00:00:00","2037-03-18 00:00:00","LIVE","2007-03-18 21:51:00","1","1","0","1","3"
"web/files/images/header/cleaning_home_menu1.jpg","[REPLACE ALT TEXT]","443","110","2007-03-18 00:00:00","2037-03-18 00:00:00","LIVE","2007-03-18 21:51:00","1","1","0","1","4"
"web/files/images/nav/nav_cleaning_electronics_on.gif","Electronics Market","1","1","2007-03-18 00:00:00","2037-03-18 00:00:00","LIVE","2007-03-18 21:51:00","1","1","0","1","5"
"web/files/images/nav/nav_cleaning_electronics_off.gif","Electronics Market","1","1","2007-03-18 00:00:00","2037-03-18 00:00:00","LIVE","2007-03-18 21:51:00","1","1","0","1","6"
"web/files/images/header/cleaning_electronics_menu1.jpg","Electronics Market","443","110","2007-03-18 00:00:00","2037-03-18 00:00:00","LIVE","2007-03-18 21:51:00","1","1","0","1","7"
"web/files/images/nav/nav_cleaning_precision_on.gif","Precision Cleaning Market","1","1","2007-03-18 00:00:00","2037-03-18 00:00:00","LIVE","2007-03-18 21:51:00","1","1","0","1","8"
"web/files/images/nav/nav_cleaning_precision_off.gif","Precision Cleaning Market","1","1","2007-03-18 00:00:00","2037-03-18 00:00:00","LIVE","2007-03-18 21:51:00","1","1","0","1","9"
"web/files/images/header/cleaning_precision_menu1.jpg","Precision Cleaning Market","443","110","2007-03-18 00:00:00","2037-03-18 00:00:00","LIVE","2007-03-18 21:51:00","1","1","0","1","10"
"web/files/images/nav/nav_cleaning_asphalt_on.gif","Asphalt Products Market","1","1","2007-03-18 00:00:00","2037-03-18 00:00:00","LIVE","2007-03-18 21:51:00","1","1","0","1","11"
"web/files/images/nav/nav_cleaning_asphalt_off.gif","Asphalt Products Market","1","1","2007-03-18 00:00:00","2037-03-18 00:00:00","LIVE","2007-03-18 21:51:00","1","1","0","1","12"
"web/files/images/header/cleaning_asphalt_menu1.jpg","Asphalt Products Market","443","110","2007-03-18 00:00:00","2037-03-18 00:00:00","LIVE","2007-03-18 21:51:00","1","1","0","1","13"
"web/files/images/nav/nav_cleaning_aerospace_on.gif","Aerospace/Airline Market","1","1","2007-03-18 00:00:00","2037-03-18 00:00:00","LIVE","2007-03-18 21:51:00","1","1","0","1","14"
"web/files/images/nav/nav_cleaning_aerospace_off.gif","Aerospace/Airline Market","1","1","2007-03-18 00:00:00","2037-03-18 00:00:00","LIVE","2007-03-18 21:51:00","1","1","0","1","15"
"web/files/images/header/cleaning_aerospace_menu1.jpg","Aerospace/Airline Market","443","110","2007-03-18 00:00:00","2037-03-18 00:00:00","LIVE","2007-03-18 21:51:00","1","1","0","1","16"
"web/files/images/logos/FuelOilfieldLogo.gif","Petroferm Fuel and Oilfield Division","0","0","2007-03-18 00:00:00","2037-03-18 00:00:00","LIVE","2007-03-18 21:51:00","1","1","0","1","17"
"web/files/images/header/fueloil_home_menu1.jpg","Petroferm Fuel and Oil Division","443","110","2007-03-18 00:00:00","2037-03-18 00:00:00","LIVE","2007-03-18 21:51:00","1","1","0","1","18"
"web/files/images/nav/nav_fueloil_fuel_on.gif","Fuel Market","145","44","2007-03-18 00:00:00","2037-03-18 00:00:00","LIVE","2007-03-18 21:51:00","1","1","0","1","19"
"web/files/images/nav/nav_fueloil_fuel_off.gif","Fuel Market","145","44","2007-03-18 00:00:00","2037-03-18 00:00:00","LIVE","2007-03-18 21:51:00","1","1","0","1","20"
"web/files/images/header/fueloil_fuel_menu1.jpg","Fuel Market","443","110","2007-03-18 00:00:00","2037-03-18 00:00:00","LIVE","2007-03-18 21:51:00","1","1","0","1","21"
"web/files/images/nav/nav_fueloil_oilfield_on.gif","Oilfield Market","145","44","2007-03-18 00:00:00","2037-03-18 00:00:00","LIVE","2007-03-18 21:51:00","1","1","0","1","22"
"web/files/images/nav/nav_fueloil_oilfield_off.gif","Oilfield Market","145","44","2007-03-18 00:00:00","2037-03-18 00:00:00","LIVE","2007-03-18 21:51:00","1","1","0","1","23"
"web/files/images/header/fueloil_oilfield_menu1.jpg","Oilfield Market","443","110","2007-03-18 00:00:00","2037-03-18 00:00:00","LIVE","2007-03-18 21:51:00","1","1","0","1","24"
"web/files/images/logos/LambentLogo.gif","Lambent Technologies Corp","0","0","2007-03-18 00:00:00","2037-03-18 00:00:00","LIVE","2007-03-18 21:51:00","1","1","0","1","25"
"web/files/images/header/lambent_home_menu1.jpg","[REPLACE ALT TEXT]","443","110","2007-03-18 00:00:00","2037-03-18 00:00:00","LIVE","2007-03-18 21:51:00","1","1","0","1","26"
"web/files/images/nav/nav_food_on.gif","Food Market","1","1","2007-03-18 00:00:00","2037-03-18 00:00:00","LIVE","2007-03-18 21:51:00","1","1","0","1","27"
"web/files/images/nav/nav_food_off.gif","Food Market","1","1","2007-03-18 00:00:00","2037-03-18 00:00:00","LIVE","2007-03-18 21:51:00","1","1","0","1","28"
"web/files/images/header/lambent_food_menu1.jpg","Food Market","443","110","2007-03-18 00:00:00","2037-03-18 00:00:00","LIVE","2007-03-18 21:51:00","1","1","0","1","29"
"web/files/images/nav/nav_coatings_on.gif","Coatings and Colorants Market","1","1","2007-03-18 00:00:00","2037-03-18 00:00:00","LIVE","2007-03-18 21:51:00","1","1","0","1","30"
"web/files/images/nav/nav_coatings_off.gif","Coatings and Colorants Market","1","1","2007-03-18 00:00:00","2037-03-18 00:00:00","LIVE","2007-03-18 21:51:00","1","1","0","1","31"
"web/files/images/header/lambent_coatings_menu1.jpg","Coatings and Colorants Market","443","110","2007-03-18 00:00:00","2037-03-18 00:00:00","LIVE","2007-03-18 21:51:00","1","1","0","1","32"
"web/files/images/nav/nav_lubricants_on.gif","Lubricants and Metalworking Market","1","1","2007-03-18 00:00:00","2037-03-18 00:00:00","LIVE","2007-03-18 21:51:00","1","1","0","1","33"
"web/files/images/nav/nav_lubricants_off.gif","Lubricants and Metalworking Market","1","1","2007-03-18 00:00:00","2037-03-18 00:00:00","LIVE","2007-03-18 21:51:00","1","1","0","1","34"
"web/files/images/header/lambent_lubricants_menu1.jpg","Lubricants and Metalworking Market","443","110","2007-03-18 00:00:00","2037-03-18 00:00:00","LIVE","2007-03-18 21:51:00","1","1","0","1","35"
"web/files/images/nav/nav_personal_on.gif","Personal Care and Pharmaceutical Market","1","1","2007-03-18 00:00:00","2037-03-18 00:00:00","LIVE","2007-03-18 21:51:00","1","1","0","1","36"
"web/files/images/nav/nav_personal_off.gif","Personal Care and Pharmaceutical Market","1","1","2007-03-18 00:00:00","2037-03-18 00:00:00","LIVE","2007-03-18 21:51:00","1","1","0","1","37"
"web/files/images/header/lambent_personal_care_menu1.jpg","Personal Care and Pharmaceutical Market","443","110","2007-03-18 00:00:00","2037-03-18 00:00:00","LIVE","2007-03-18 21:51:00","1","1","0","1","38"
"web/files/images/logos/JosephStoreyLogo.gif","Joseph Storey & Co LTD","0","0","2007-03-18 00:00:00","2037-03-18 00:00:00","LIVE","2007-03-18 21:51:00","1","1","0","1","39"
"web/files/images/header/joseph_home_menu1.jpg","[REPLACE ALT TEXT]","443","110","2007-03-18 00:00:00","2037-03-18 00:00:00","LIVE","2007-03-18 21:51:00","1","1","0","1","40"
"web/files/images/nav/nav_joseph_flame_on.gif","Flame Retardants Market","1","1","2007-03-18 00:00:00","2037-03-18 00:00:00","LIVE","2007-03-18 21:51:00","1","1","0","1","41"
"web/files/images/nav/nav_joseph_flame_off.gif","Flame Retardants Market","1","1","2007-03-18 00:00:00","2037-03-18 00:00:00","LIVE","2007-03-18 21:51:00","1","1","0","1","42"
"web/files/images/header/joseph_flame_menu1.jpg","Flame Retardants Market","443","110","2007-03-18 00:00:00","2037-03-18 00:00:00","LIVE","2007-03-18 21:51:00","1","1","0","1","43"
"web/files/images/nav/nav_petroferm_cleaning_off.gif","Cleaning Division","0","0","2007-03-18 21:51:26","2037-03-18 21:51:26","LIVE","2007-03-18 21:51:00","1","1","0","1","44"
"web/files/images/nav/nav_petroferm_cleaning_on.gif","Cleaning Division","0","0","2007-03-18 21:51:26","2037-03-18 21:51:26","LIVE","2007-03-18 21:51:00","1","1","0","1","45"
"web/files/images/nav/nav_petroferm_fuel_off.gif","Petroferm Fuel Products","0","0","2007-03-18 21:51:26","2037-03-18 21:51:26","LIVE","2007-03-18 21:51:00","1","1","0","1","46"
"web/files/images/nav/nav_petroferm_fuel_on.gif","Petroferm Fuel Products","0","0","2007-03-18 21:51:26","2037-03-18 21:51:26","LIVE","2007-03-18 21:51:00","1","1","0","1","47"
"web/files/images/nav/nav_petroferm_industrial_off.gif","Industrial Products Division","0","0","2007-03-18 21:51:26","2037-03-18 21:51:26","LIVE","2007-03-18 21:51:00","1","1","0","1","48"
"web/files/images/header/industrial_home_menu1.jpg","Industrial Products Divisions","0","0","2007-03-18 21:51:26","2037-03-18 21:51:26","LIVE","2007-03-18 21:51:00","1","1","0","1","49"
"web/files/images/nav/nav_petroferm_industrial_on.gif","Industrial Products Division","0","0","2007-03-18 21:51:26","2037-03-18 21:51:26","LIVE","2007-03-18 21:51:00","1","1","0","1","50"
"web/files/images/misc/en-US.gif","English","0","0","2007-03-18 21:51:26","2037-03-18 21:51:26","LIVE","2007-03-18 21:51:00","1","1","0","1","51"
"web/files/images/misc/en-GB.gif","United Kingdom - English","0","0","2007-03-18 21:51:26","2037-03-18 21:51:26","LIVE","2007-03-18 21:51:00","1","1","0","1","52"
"web/files/images/misc/es-MX.gif","Spanish","0","0","2007-03-18 21:51:26","2037-03-18 21:51:26","LIVE","2007-03-18 21:51:00","1","1","0","1","53"
"web/files/images/misc/fr-CA.gif","Canada - English","0","0","2007-03-18 21:51:26","2037-03-18 21:51:26","LIVE","2007-03-18 21:51:00","1","1","0","1","54"
"web/files/images/misc/fr-CA.gif","Canada - French","0","0","2007-03-18 21:51:26","2037-03-18 21:51:26","LIVE","2007-03-18 21:51:00","1","1","0","1","55"
"web/files/images/misc/it-IT.gif","Italian","0","0","2007-03-18 21:51:26","2037-03-18 21:51:26","LIVE","2007-03-18 21:51:00","1","1","0","1","56"
"web/files/images/misc/de-DE.gif","German","0","0","2007-03-18 21:51:26","2037-03-18 21:51:26","LIVE","2007-03-18 21:51:00","1","1","0","1","57"
"web/files/images/misc/zh-Hant.gif","Chinese (Traditional & Simplified)","0","0","2007-03-18 21:51:26","2037-03-18 21:51:26","LIVE","2007-03-18 21:51:00","1","1","0","1","58"
"web/files/images/misc/zh-Hant.gif","Chinese (Traditional & Simplified)","0","0","2007-03-18 21:51:26","2037-03-18 21:51:26","LIVE","2007-03-18 21:51:00","1","1","0","1","59"
"web/files/images/misc/ja-JP.gif","Japanese","0","0","2007-03-18 21:51:26","2037-03-18 21:51:26","LIVE","2007-03-18 21:51:00","1","1","0","1","60"
